ContainerName,TableName,ColumnName,ColumnType
DW_RIPSAW,DW_ORDERS,COMPANY_CODE_TDM,NUMBER
DW_RIPSAW,DW_ORDERS,ORD_NUM,NUMBER
DW_RIPSAW,FT_ICI_QTR_FORECAST,ICI_QTR_FORECAST_ID,NUMBER
DW_RIPSAW,FT_ICI_QTR_FORECAST,ICI_QTR_OF_YEAR,NUMBER
DW_RIPSAW,FT_ICI_QTR_FORECAST,ICI_RETAIL_PROJ_AMOUNT_USD,NUMBER
DW_RIPSAW,FT_ICI_QTR_FORECAST,ICI_RETAIL_PROJ_PAIRS,NUMBER
DW_RIPSAW,FT_ICI_QTR_FORECAST,ICI_WHOLESALE_PROJ_AMOUNT_USD,NUMBER
DW_RIPSAW,FT_ICI_QTR_FORECAST,ICI_WHOLESALE_PROJ_PAIRS,NUMBER
DW_RIPSAW,FT_ICI_QTR_FORECAST,ICI_YEAR,NUMBER
DW_RIPSAW,FT_ICI_QTR_FORECAST,ICI_CREATE_USER,TEXT
DW_RIPSAW,FT_ICI_QTR_FORECAST,ICI_FORECAST_GROUP,TEXT
DW_RIPSAW,FT_ICI_QTR_FORECAST,ICI_TERR_CODE,TEXT
DW_RIPSAW,FT_ICI_QTR_FORECAST,ICI_UPDATE_USER,TEXT
DW_RIPSAW,FT_ICI_QTR_FORECAST,ICI_CREATE_DATE,TIMESTAMP_NTZ
DW_RIPSAW,FT_ICI_QTR_FORECAST,ICI_UPDATE_DATE,TIMESTAMP_NTZ
DW_RIPSAW,FT_KEYINITIATIVES,ICI_COMPANY_CODE,NUMBER
DW_RIPSAW,FT_KEYINITIATIVES,KEYINITIATIVE_ID,NUMBER
DW_RIPSAW,FT_KEYINITIATIVES,ICI_CLASS_CODE,TEXT
DW_RIPSAW,FT_KEYINITIATIVES,ICI_CREATE_USER,TEXT
DW_RIPSAW,FT_KEYINITIATIVES,ICI_UPDATE_USER,TEXT
DW_RIPSAW,FT_KEYINITIATIVES,KEYINITIATIVE,TEXT
DW_RIPSAW,FT_KEYINITIATIVES,STYLECODE,TEXT
DW_RIPSAW,FT_KEYINITIATIVES,ICI_CREATE_DATE,TIMESTAMP_NTZ
DW_RIPSAW,FT_KEYINITIATIVES,ICI_UPDATE_DATE,TIMESTAMP_NTZ
DW_RIPSAW,FT_NON_MDSE_CREDITS,CRD_ENTER_DATE,DATE
DW_RIPSAW,FT_NON_MDSE_CREDITS,CRD_TRANS_DATE,DATE
DW_RIPSAW,FT_NON_MDSE_CREDITS,COMM_TERMS_DISC_AMT,NUMBER
DW_RIPSAW,FT_NON_MDSE_CREDITS,COMM_TERMS_DISC_AMT_USD,NUMBER
DW_RIPSAW,FT_NON_MDSE_CREDITS,COMM_TERMS_RATE,NUMBER
DW_RIPSAW,FT_NON_MDSE_CREDITS,CRD_COMPANY_CODE,NUMBER
DW_RIPSAW,FT_NON_MDSE_CREDITS,CRD_CUST_DIM_KEY,NUMBER
DW_RIPSAW,FT_NON_MDSE_CREDITS,CRD_DISC_AMT,NUMBER
DW_RIPSAW,FT_NON_MDSE_CREDITS,CRD_DISC_AMT_USD,NUMBER
DW_RIPSAW,FT_NON_MDSE_CREDITS,CRD_DOC_NUM,NUMBER
DW_RIPSAW,FT_NON_MDSE_CREDITS,CRD_FRGT_AMT,NUMBER
DW_RIPSAW,FT_NON_MDSE_CREDITS,CRD_FRGT_AMT_USD,NUMBER
DW_RIPSAW,FT_NON_MDSE_CREDITS,CRD_LINE_AMT,NUMBER
DW_RIPSAW,FT_NON_MDSE_CREDITS,CRD_LINE_AMT_USD,NUMBER
DW_RIPSAW,FT_NON_MDSE_CREDITS,CRD_LINE_NUM,NUMBER
DW_RIPSAW,FT_NON_MDSE_CREDITS,CRD_MISC_AMT,NUMBER
DW_RIPSAW,FT_NON_MDSE_CREDITS,CRD_MISC_AMT_USD,NUMBER
DW_RIPSAW,FT_NON_MDSE_CREDITS,CRD_TAX_AMT,NUMBER
DW_RIPSAW,FT_NON_MDSE_CREDITS,CRD_TAX_AMT_USD,NUMBER
DW_RIPSAW,FT_NON_MDSE_CREDITS,CRD_TRANS_NUM,NUMBER
DW_RIPSAW,FT_NON_MDSE_CREDITS,DAY_KEY,NUMBER
DW_RIPSAW,FT_NON_MDSE_CREDITS,WT_CRD_DISC_AMT,NUMBER
DW_RIPSAW,FT_NON_MDSE_CREDITS,WT_CRD_DISC_AMT_USD,NUMBER
DW_RIPSAW,FT_NON_MDSE_CREDITS,WT_CRD_FRGT_AMT,NUMBER
DW_RIPSAW,FT_NON_MDSE_CREDITS,WT_CRD_FRGT_AMT_USD,NUMBER
DW_RIPSAW,FT_NON_MDSE_CREDITS,WT_CRD_MISC_AMT,NUMBER
DW_RIPSAW,FT_NON_MDSE_CREDITS,WT_CRD_MISC_AMT_USD,NUMBER
DW_RIPSAW,FT_NON_MDSE_CREDITS,WT_CRD_TAX_AMT,NUMBER
DW_RIPSAW,FT_NON_MDSE_CREDITS,WT_CRD_TAX_AMT_USD,NUMBER
DW_RIPSAW,FT_NON_MDSE_CREDITS,CRD_ALT_SALESPERSON_CODE,TEXT
DW_RIPSAW,FT_NON_MDSE_CREDITS,CRD_AR_RSN_CODE,TEXT
DW_RIPSAW,FT_NON_MDSE_CREDITS,CRD_BANK_REF,TEXT
DW_RIPSAW,FT_NON_MDSE_CREDITS,CRD_COMM1_CODE,TEXT
DW_RIPSAW,FT_NON_MDSE_CREDITS,CRD_COMM2_CODE,TEXT
DW_RIPSAW,FT_NON_MDSE_CREDITS,CRD_COMM_TRANS_IND,TEXT
DW_RIPSAW,FT_NON_MDSE_CREDITS,CRD_COOP_OK_IND,TEXT
DW_RIPSAW,FT_NON_MDSE_CREDITS,CRD_CUST_CODE,TEXT
DW_RIPSAW,FT_NON_MDSE_CREDITS,CRD_DIV_CODE,TEXT
DW_RIPSAW,FT_NON_MDSE_CREDITS,CRD_DOC_TYPE,TEXT
DW_RIPSAW,FT_NON_MDSE_CREDITS,CRD_ENTER_USER,TEXT
DW_RIPSAW,FT_NON_MDSE_CREDITS,CRD_FACTOR_IND,TEXT
DW_RIPSAW,FT_NON_MDSE_CREDITS,CRD_ITEM_DESC,TEXT
DW_RIPSAW,FT_NON_MDSE_CREDITS,CRD_PO_NUM,TEXT
DW_RIPSAW,FT_NON_MDSE_CREDITS,CRD_REF_NUM,TEXT
DW_RIPSAW,FT_NON_MDSE_CREDITS,CRD_SALESPERSON_CODE,TEXT
DW_RIPSAW,FT_NON_MDSE_CREDITS,CRD_STORE_CODE,TEXT
DW_RIPSAW,FT_NON_MDSE_CREDITS,CRD_TERMS_CODE,TEXT
DW_RIPSAW,FT_NON_MDSE_CREDITS,HST_CURRENCY_CODE,TEXT
DW_RIPSAW,FT_SKD_INVENTORY,CREATE_DATE,DATE
DW_RIPSAW,FT_SKD_INVENTORY,TRAN_DATE,DATE
DW_RIPSAW,FT_SKD_INVENTORY,UPDATE_DATE,DATE
DW_RIPSAW,FT_SKD_INVENTORY,DIST_INVENTORY_ID,NUMBER
DW_RIPSAW,FT_SKD_INVENTORY,DIST_LOC_H_ID,NUMBER
DW_RIPSAW,FT_SKD_INVENTORY,INVALID_COLOR,NUMBER
DW_RIPSAW,FT_SKD_INVENTORY,INVALID_STYLE,NUMBER
DW_RIPSAW,FT_SKD_INVENTORY,TRAN_QTY,NUMBER
DW_RIPSAW,FT_SKD_INVENTORY,COLOR,TEXT
DW_RIPSAW,FT_SKD_INVENTORY,CREATE_USER_INIT,TEXT
DW_RIPSAW,FT_SKD_INVENTORY,CUST_LOC_CODE,TEXT
DW_RIPSAW,FT_SKD_INVENTORY,ERROR_CODES,TEXT
DW_RIPSAW,FT_SKD_INVENTORY,PREFIX_CUST_NUM,TEXT
DW_RIPSAW,FT_SKD_INVENTORY,SIZE,TEXT
DW_RIPSAW,FT_SKD_INVENTORY,STYLE,TEXT
DW_RIPSAW,FT_SKD_INVENTORY,TRAN_PERIOD,TEXT
DW_RIPSAW,FT_SKD_INVENTORY,UPC_CODE,TEXT
DW_RIPSAW,FT_SKD_INVENTORY,UPDATE_USER_INIT,TEXT
DW_RIPSAW,FT_SKD_SALES,CREATE_DATE,DATE
DW_RIPSAW,FT_SKD_SALES,TRAN_DATE,DATE
DW_RIPSAW,FT_SKD_SALES,UPDATE_DATE,DATE
DW_RIPSAW,FT_SKD_SALES,DIST_LOCHID,NUMBER
DW_RIPSAW,FT_SKD_SALES,DIST_SALEID,NUMBER
DW_RIPSAW,FT_SKD_SALES,INVALID_COLOR,NUMBER
DW_RIPSAW,FT_SKD_SALES,INVALID_STYLE,NUMBER
DW_RIPSAW,FT_SKD_SALES,SELLING_PRICE,NUMBER
DW_RIPSAW,FT_SKD_SALES,TAX,NUMBER
DW_RIPSAW,FT_SKD_SALES,TAX_USD,NUMBER
DW_RIPSAW,FT_SKD_SALES,TOTAL_EXC_TAX,NUMBER
DW_RIPSAW,FT_SKD_SALES,TOTAL_EXC_TAX_USD,NUMBER
DW_RIPSAW,FT_SKD_SALES,TOTAL_INC_TAX,NUMBER
DW_RIPSAW,FT_SKD_SALES,TOTAL_INC_TAX_USD,NUMBER
DW_RIPSAW,FT_SKD_SALES,TRAN_QTY,NUMBER
DW_RIPSAW,FT_SKD_SALES,COLOR,TEXT
DW_RIPSAW,FT_SKD_SALES,CREATE_USER_INIT,TEXT
DW_RIPSAW,FT_SKD_SALES,CURRENCY_CODE,TEXT
DW_RIPSAW,FT_SKD_SALES,CUST_LOC_CODE,TEXT
DW_RIPSAW,FT_SKD_SALES,ERROR_CODES,TEXT
DW_RIPSAW,FT_SKD_SALES,PREFIX_CUST_NUM,TEXT
DW_RIPSAW,FT_SKD_SALES,SELLING_COUNTRY,TEXT
DW_RIPSAW,FT_SKD_SALES,SIZE,TEXT
DW_RIPSAW,FT_SKD_SALES,STYLE,TEXT
DW_RIPSAW,FT_SKD_SALES,TRAN_PERIOD,TEXT
DW_RIPSAW,FT_SKD_SALES,TRAN_TYPE,TEXT
DW_RIPSAW,FT_SKD_SALES,UPC_CODE,TEXT
DW_RIPSAW,FT_SKD_SALES,UPDATE_USER_INIT,TEXT
DW_RIPSAW,LU_ALLOW_CODE,ACCT_NO,NUMBER
DW_RIPSAW,LU_ALLOW_CODE,COMPANY_CODE,NUMBER
DW_RIPSAW,LU_ALLOW_CODE,ALLOW_CODE,TEXT
DW_RIPSAW,LU_ALLOW_CODE,ALLOW_DESC,TEXT
DW_RIPSAW,LU_AR_REASON,COMPANY_CODE,NUMBER
DW_RIPSAW,LU_AR_REASON,ALLOW_CODE,TEXT
DW_RIPSAW,LU_AR_REASON,GL_ACCOUNT_CODE,TEXT
DW_RIPSAW,LU_AR_REASON,PRNT_CHRGBK,TEXT
DW_RIPSAW,LU_AR_REASON,REASON_CODE,TEXT
DW_RIPSAW,LU_AR_REASON,REASON_DESC,TEXT
DW_RIPSAW,LU_BUYER,BUYER_COMPANY_CODE,NUMBER
DW_RIPSAW,LU_BUYER,BUYER_ACTIVE_IND,TEXT
DW_RIPSAW,LU_BUYER,BUYER_ADDRESS_LINE1,TEXT
DW_RIPSAW,LU_BUYER,BUYER_ADDRESS_LINE2,TEXT
DW_RIPSAW,LU_BUYER,BUYER_ADDRESS_LINE3,TEXT
DW_RIPSAW,LU_BUYER,BUYER_CITY,TEXT
DW_RIPSAW,LU_BUYER,BUYER_CODE,TEXT
DW_RIPSAW,LU_BUYER,BUYER_CONTACT_NAME,TEXT
DW_RIPSAW,LU_BUYER,BUYER_COUNTRY_CODE,TEXT
DW_RIPSAW,LU_BUYER,BUYER_CREATE_USER,TEXT
DW_RIPSAW,LU_BUYER,BUYER_EMAIL,TEXT
DW_RIPSAW,LU_BUYER,BUYER_EMAIL_IND,TEXT
DW_RIPSAW,LU_BUYER,BUYER_FAX_CNTRY_CODE,TEXT
DW_RIPSAW,LU_BUYER,BUYER_FAX_EXT,TEXT
DW_RIPSAW,LU_BUYER,BUYER_FAX_NUM,TEXT
DW_RIPSAW,LU_BUYER,BUYER_GL_NUM,TEXT
DW_RIPSAW,LU_BUYER,BUYER_NAME,TEXT
DW_RIPSAW,LU_BUYER,BUYER_PARENT_CODE,TEXT
DW_RIPSAW,LU_BUYER,BUYER_PHONE_CNTRY_CODE,TEXT
DW_RIPSAW,LU_BUYER,BUYER_PHONE_EXT,TEXT
DW_RIPSAW,LU_BUYER,BUYER_PHONE_NUM,TEXT
DW_RIPSAW,LU_BUYER,BUYER_POSTAL_CODE,TEXT
DW_RIPSAW,LU_BUYER,BUYER_PREFECTURE,TEXT
DW_RIPSAW,LU_BUYER,BUYER_STATE_PROV_CODE,TEXT
DW_RIPSAW,LU_BUYER,BUYER_SUB_OFFICE_CODE,TEXT
DW_RIPSAW,LU_BUYER,BUYER_TYPE,TEXT
DW_RIPSAW,LU_BUYER,BUYER_UPDATE_USER,TEXT
DW_RIPSAW,LU_BUYER,BUYER_CREATE_TIMESTAMP,TIMESTAMP_NTZ
DW_RIPSAW,LU_BUYER,BUYER_UPDATE_TIMESTAMP,TIMESTAMP_NTZ
DW_RIPSAW,LU_CANCEL_REASON,CANCEL_REASON_KEY,NUMBER
DW_RIPSAW,LU_CANCEL_REASON,COMPANY_CODE,NUMBER
DW_RIPSAW,LU_CANCEL_REASON,CANCEL_DESC,TEXT
DW_RIPSAW,LU_CANCEL_REASON,CANCEL_REASON_CODE,TEXT
DW_RIPSAW,LU_CANCEL_REASON,CANCEL_TYPE_CODE,TEXT
DW_RIPSAW,LU_COLOR,PRI_COLOR_CODE,NUMBER
DW_RIPSAW,LU_COLOR,QUART_COLOR_CODE,NUMBER
DW_RIPSAW,LU_COLOR,SEC_COLOR_CODE,NUMBER
DW_RIPSAW,LU_COLOR,STYLE_COMPANY_CODE,NUMBER
DW_RIPSAW,LU_COLOR,TER_COLOR_CODE,NUMBER
DW_RIPSAW,LU_COLOR,COLOR_CODE,TEXT
DW_RIPSAW,LU_COLOR,COLOR_CODE_NAME,TEXT
DW_RIPSAW,LU_COLOR,PRI_COLOR_NAME,TEXT
DW_RIPSAW,LU_COLOR,QUART_COLOR_NAME,TEXT
DW_RIPSAW,LU_COLOR,SEC_COLOR_NAME,TEXT
DW_RIPSAW,LU_COLOR,TER_COLOR_NAME,TEXT
DW_RIPSAW,LU_CONSOL_INV_XREF,COMPANY_CODE,NUMBER
DW_RIPSAW,LU_CONSOL_INV_XREF,CONSOL_NUM,NUMBER
DW_RIPSAW,LU_CONSOL_INV_XREF,INV_NUM,NUMBER
DW_RIPSAW,LU_CUSTOMER_STYLE,CUST_COMPANY_CODE,NUMBER
DW_RIPSAW,LU_CUSTOMER_STYLE,SIZE_BK,NUMBER
DW_RIPSAW,LU_CUSTOMER_STYLE,STYLE_DIM_KEY,NUMBER
DW_RIPSAW,LU_CUSTOMER_STYLE,CUST_CODE,TEXT
DW_RIPSAW,LU_CUSTOMER_STYLE,CUST_STYLE_NAME,TEXT
DW_RIPSAW,LU_CUSTOMER_STYLE,DIMENSION_CODE,TEXT
DW_RIPSAW,LU_CUSTOMER_STYLE,LABEL_CODE,TEXT
DW_RIPSAW,LU_CUSTOMER_STYLE,SEASON_CODE,TEXT
DW_RIPSAW,LU_CUST_AGREEMENTS,EFFECTIVE_DATE,DATE
DW_RIPSAW,LU_CUST_AGREEMENTS,ADVER,NUMBER
DW_RIPSAW,LU_CUST_AGREEMENTS,CUST_COMPANY_CODE,NUMBER
DW_RIPSAW,LU_CUST_AGREEMENTS,DAMAGE,NUMBER
DW_RIPSAW,LU_CUST_AGREEMENTS,EXTRA,NUMBER
DW_RIPSAW,LU_CUST_AGREEMENTS,NUM_CUST_DOORS,NUMBER
DW_RIPSAW,LU_CUST_AGREEMENTS,SKX_DISC,NUMBER
DW_RIPSAW,LU_CUST_AGREEMENTS,SKX_POINT_PERSON,NUMBER
DW_RIPSAW,LU_CUST_AGREEMENTS,ACTIVE_IND,TEXT
DW_RIPSAW,LU_CUST_AGREEMENTS,ADVER_NOTES,TEXT
DW_RIPSAW,LU_CUST_AGREEMENTS,CUST_CODE,TEXT
DW_RIPSAW,LU_CUST_AGREEMENTS,GENERAL_NOTES,TEXT
DW_RIPSAW,LU_CUST_DISCOUNT,CUST_COMPANY_CODE,NUMBER
DW_RIPSAW,LU_CUST_DISCOUNT,CUST_DISC_PERCENT,NUMBER
DW_RIPSAW,LU_CUST_DISCOUNT,CUST_DISC_CODE,TEXT
DW_RIPSAW,LU_CUST_SEGMENT,CREATE_DATE,DATE
DW_RIPSAW,LU_CUST_SEGMENT,UPDATE_DATE,DATE
DW_RIPSAW,LU_CUST_SEGMENT,CUST_COMPANY_CODE,NUMBER
DW_RIPSAW,LU_CUST_SEGMENT,CREATE_USER,TEXT
DW_RIPSAW,LU_CUST_SEGMENT,CUST_SEGMENT_CODE,TEXT
DW_RIPSAW,LU_CUST_SEGMENT,CUST_SEGMENT_NAME,TEXT
DW_RIPSAW,LU_CUST_SEGMENT,CUST_SEG_ACTIVE_IND,TEXT
DW_RIPSAW,LU_CUST_SEGMENT,UPDATE_USER,TEXT
DW_RIPSAW,LU_CU_ST_DIV,CUST_COMPANY_CODE,NUMBER
DW_RIPSAW,LU_CU_ST_DIV,CUST_DIM_KEY,NUMBER
DW_RIPSAW,LU_CU_ST_DIV,CUST_CODE,TEXT
DW_RIPSAW,LU_CU_ST_DIV,CUST_DIV_CODE,TEXT
DW_RIPSAW,LU_CU_ST_DIV,CUST_STORE_CODE,TEXT
DW_RIPSAW,LU_DIVISION,DOM_DIV_GENDER_SORT_SEQ,NUMBER
DW_RIPSAW,LU_DIVISION,DOM_DIV_SORT_SEQ,NUMBER
DW_RIPSAW,LU_DIVISION,DOM_INACTIVE_DIV_SORT_SEQ,NUMBER
DW_RIPSAW,LU_DIVISION,STYLE_COMPANY_CODE,NUMBER
DW_RIPSAW,LU_DIVISION,ACCT_DEPT,TEXT
DW_RIPSAW,LU_DIVISION,ACTIVE_DIV_IND,TEXT
DW_RIPSAW,LU_DIVISION,ALT_BRAND_NAME,TEXT
DW_RIPSAW,LU_DIVISION,BRAND_CODE,TEXT
DW_RIPSAW,LU_DIVISION,BRAND_NAME,TEXT
DW_RIPSAW,LU_DIVISION,DIV_CODE,TEXT
DW_RIPSAW,LU_DIVISION,DIV_NAME,TEXT
DW_RIPSAW,LU_DIVISION,DOM_BRAND_SEGMENT_CODE,TEXT
DW_RIPSAW,LU_DIVISION,DOM_BRAND_SEG_NAME,TEXT
DW_RIPSAW,LU_DIVISION,DOM_DIV_GENDER_CODE,TEXT
DW_RIPSAW,LU_DIVISION,DOM_DIV_GROUP_NAME,TEXT
DW_RIPSAW,LU_DIVISION,DOM_INACTIVE_DIV_NAME,TEXT
DW_RIPSAW,LU_DIVISION,GROUP_CODE,TEXT
DW_RIPSAW,LU_DIVISION,INACTIVE_DIV_NAME,TEXT
DW_RIPSAW,LU_DIVISION,INTERNATIONAL_OK,TEXT
DW_RIPSAW,LU_DIVISION,SECONDARY_GROUP_CODE,TEXT
DW_RIPSAW,LU_DIVISION,UNIT_OF_MEASURE,TEXT
DW_RIPSAW,LU_DIVISION_MGR,STYLE_COMPANY_CODE,NUMBER
DW_RIPSAW,LU_DIVISION_MGR,DIV_CODE,TEXT
DW_RIPSAW,LU_DIVISION_MGR,MANAGER_CODE,TEXT
DW_RIPSAW,LU_DIVISION_SPLIT,STYLE_COMPANY_CODE,NUMBER
DW_RIPSAW,LU_DIVISION_SPLIT,COLOR_CODE,TEXT
DW_RIPSAW,LU_DIVISION_SPLIT,DIV_CODE,TEXT
DW_RIPSAW,LU_DIVISION_SPLIT,STYLE_CODE,TEXT
DW_RIPSAW,LU_DOM_CATEGORY,STYLE_CATEGORY_NAME,TEXT
DW_RIPSAW,LU_DOM_CATEGORY,STYLE_CODE,TEXT
DW_RIPSAW,LU_DOM_SALESPERSON,HIRE_DATE,DATE
DW_RIPSAW,LU_DOM_SALESPERSON,TERMINATION_DATE,DATE
DW_RIPSAW,LU_DOM_SALESPERSON,CUST_COMPANY_CODE,NUMBER
DW_RIPSAW,LU_DOM_SALESPERSON,ACTIVE_SLSPERSON_IND,TEXT
DW_RIPSAW,LU_DOM_SALESPERSON,ADDRESS_LINE_1,TEXT
DW_RIPSAW,LU_DOM_SALESPERSON,ADDRESS_LINE_2,TEXT
DW_RIPSAW,LU_DOM_SALESPERSON,CITY,TEXT
DW_RIPSAW,LU_DOM_SALESPERSON,COMMISSION_CODE,TEXT
DW_RIPSAW,LU_DOM_SALESPERSON,COUNTRY_CODE,TEXT
DW_RIPSAW,LU_DOM_SALESPERSON,EMAIL_ADDRESS,TEXT
DW_RIPSAW,LU_DOM_SALESPERSON,FAX_CNTRY_CODE,TEXT
DW_RIPSAW,LU_DOM_SALESPERSON,FAX_EXT,TEXT
DW_RIPSAW,LU_DOM_SALESPERSON,FAX_NUM,TEXT
DW_RIPSAW,LU_DOM_SALESPERSON,PHONE_CNTRY_CODE,TEXT
DW_RIPSAW,LU_DOM_SALESPERSON,PHONE_EXT,TEXT
DW_RIPSAW,LU_DOM_SALESPERSON,PHONE_NUM,TEXT
DW_RIPSAW,LU_DOM_SALESPERSON,POSTAL_CODE,TEXT
DW_RIPSAW,LU_DOM_SALESPERSON,SALESPERSON_CODE,TEXT
DW_RIPSAW,LU_DOM_SALESPERSON,SALESPERSON_NAME,TEXT
DW_RIPSAW,LU_DOM_SALESPERSON,SALESPERSON_TYPE,TEXT
DW_RIPSAW,LU_DOM_SALESPERSON,STATE_PROV_CODE,TEXT
DW_RIPSAW,LU_DOM_TERRITORY,CREATE_DATE,DATE
DW_RIPSAW,LU_DOM_TERRITORY,CUST_COMPANY_CODE,NUMBER
DW_RIPSAW,LU_DOM_TERRITORY,ACTIVE_IND,TEXT
DW_RIPSAW,LU_DOM_TERRITORY,CUST_CODE,TEXT
DW_RIPSAW,LU_DOM_TERRITORY,DIV_CODE,TEXT
DW_RIPSAW,LU_DOM_TERRITORY,MANAGER_CODE,TEXT
DW_RIPSAW,LU_DOM_TERRITORY,TERRITORY_CODE,TEXT
DW_RIPSAW,LU_DOM_TERRITORY,TERR_SALESPERSON_CODE,TEXT
DW_RIPSAW,LU_GARPAC_STORE,CREATE_DATE,DATE
DW_RIPSAW,LU_GARPAC_STORE,CALL_ALLOC,NUMBER
DW_RIPSAW,LU_GARPAC_STORE,COMPANY_CODE,NUMBER
DW_RIPSAW,LU_GARPAC_STORE,SHIP_LEAD,NUMBER
DW_RIPSAW,LU_GARPAC_STORE,STORE_CAPACITY,NUMBER
DW_RIPSAW,LU_GARPAC_STORE,ACTIVE_OK,TEXT
DW_RIPSAW,LU_GARPAC_STORE,ADDRESS1,TEXT
DW_RIPSAW,LU_GARPAC_STORE,ADDRESS2,TEXT
DW_RIPSAW,LU_GARPAC_STORE,ADDRESS3,TEXT
DW_RIPSAW,LU_GARPAC_STORE,BILL_CODE,TEXT
DW_RIPSAW,LU_GARPAC_STORE,CENTER_CODE,TEXT
DW_RIPSAW,LU_GARPAC_STORE,CHK_DIGIT,TEXT
DW_RIPSAW,LU_GARPAC_STORE,CITY,TEXT
DW_RIPSAW,LU_GARPAC_STORE,CONSOL_CODE,TEXT
DW_RIPSAW,LU_GARPAC_STORE,CONTACT,TEXT
DW_RIPSAW,LU_GARPAC_STORE,COUNTRY,TEXT
DW_RIPSAW,LU_GARPAC_STORE,CUSTOMER,TEXT
DW_RIPSAW,LU_GARPAC_STORE,CUST_ABBV,TEXT
DW_RIPSAW,LU_GARPAC_STORE,CUST_SORT,TEXT
DW_RIPSAW,LU_GARPAC_STORE,CUST_TYPE,TEXT
DW_RIPSAW,LU_GARPAC_STORE,DBA,TEXT
DW_RIPSAW,LU_GARPAC_STORE,FAX_NUM,TEXT
DW_RIPSAW,LU_GARPAC_STORE,LOCATION,TEXT
DW_RIPSAW,LU_GARPAC_STORE,OLD_ACCT,TEXT
DW_RIPSAW,LU_GARPAC_STORE,PHONE,TEXT
DW_RIPSAW,LU_GARPAC_STORE,RESELL_CERT,TEXT
DW_RIPSAW,LU_GARPAC_STORE,SHIP_DC,TEXT
DW_RIPSAW,LU_GARPAC_STORE,STATE,TEXT
DW_RIPSAW,LU_GARPAC_STORE,STORE,TEXT
DW_RIPSAW,LU_GARPAC_STORE,STORE_EXT,TEXT
DW_RIPSAW,LU_GARPAC_STORE,STORE_GLN,TEXT
DW_RIPSAW,LU_GARPAC_STORE,STORE_NAME,TEXT
DW_RIPSAW,LU_GARPAC_STORE,STORE_TYPE,TEXT
DW_RIPSAW,LU_GARPAC_STORE,ZIPCODE,TEXT
DW_RIPSAW,LU_ICI_CATEGORY,ICI_CATEGORY_NUM,NUMBER
DW_RIPSAW,LU_ICI_CATEGORY,ICI_CATEGORY_CODE,TEXT
DW_RIPSAW,LU_ICI_CATEGORY,ICI_CATEGORY_UOM,TEXT
DW_RIPSAW,LU_ICI_CATEGORY,ICI_DESCRIPTION,TEXT
DW_RIPSAW,LU_ICI_CATEGORY,ICI_PRODUCT_LINE,TEXT
DW_RIPSAW,LU_ICI_CATEGORY,ICI_UPDATE_USER,TEXT
DW_RIPSAW,LU_ICI_CATEGORY,ICI_UPDATE_DATE,TIMESTAMP_NTZ
DW_RIPSAW,LU_ICI_CAT_DIMENSION,CAT_DIMENSION_ID,NUMBER
DW_RIPSAW,LU_ICI_CAT_DIMENSION,CAT_MAXSTYLERANK,NUMBER
DW_RIPSAW,LU_ICI_CAT_DIMENSION,CAT_DIMENSION,TEXT
DW_RIPSAW,LU_ICI_CAT_DIMENSION,ICI_CREATE_USER,TEXT
DW_RIPSAW,LU_ICI_CAT_DIMENSION,ICI_UPDATE_USER,TEXT
DW_RIPSAW,LU_ICI_CAT_DIMENSION,ICI_CREATE_DATE,TIMESTAMP_NTZ
DW_RIPSAW,LU_ICI_CAT_DIMENSION,ICI_UPDATE_DATE,TIMESTAMP_NTZ
DW_RIPSAW,LU_ICI_COUNTRY,ICI_COUNTRY_ID,NUMBER
DW_RIPSAW,LU_ICI_COUNTRY,ICI_COUNTRY_NUM,NUMBER
DW_RIPSAW,LU_ICI_COUNTRY,CREATE_INITIALS,TEXT
DW_RIPSAW,LU_ICI_COUNTRY,GARPAC_COUNTRY_CODE,TEXT
DW_RIPSAW,LU_ICI_COUNTRY,ICI_COUNTRY_CODE,TEXT
DW_RIPSAW,LU_ICI_COUNTRY,ICI_COUNTRY_DESC,TEXT
DW_RIPSAW,LU_ICI_COUNTRY,ISO_3_CHAR_CODE,TEXT
DW_RIPSAW,LU_ICI_COUNTRY,LAST_UPDATE_INITIALS,TEXT
DW_RIPSAW,LU_ICI_COUNTRY,CREATE_DATE,TIMESTAMP_NTZ
DW_RIPSAW,LU_ICI_COUNTRY,LAST_UPDATE_DATE,TIMESTAMP_NTZ
DW_RIPSAW,LU_ICI_DIVISION,ICI_ALLOCATIONSCONTACTID,NUMBER
DW_RIPSAW,LU_ICI_DIVISION,ICI_BRAND_NAME_SORT,NUMBER
DW_RIPSAW,LU_ICI_DIVISION,ICI_COSTINGCONTACT1ID,NUMBER
DW_RIPSAW,LU_ICI_DIVISION,ICI_COSTINGCONTACT2ID,NUMBER
DW_RIPSAW,LU_ICI_DIVISION,ICI_COSTINGCONTACT3ID,NUMBER
DW_RIPSAW,LU_ICI_DIVISION,ICI_COSTINGPRECOST,NUMBER
DW_RIPSAW,LU_ICI_DIVISION,ICI_DIR_ADD_FLAG,NUMBER
DW_RIPSAW,LU_ICI_DIVISION,ICI_DIV_NUM,NUMBER
DW_RIPSAW,LU_ICI_DIVISION,ICI_ISFACTORYDIRECT,NUMBER
DW_RIPSAW,LU_ICI_DIVISION,ICI_MANAGERCONTACTID,NUMBER
DW_RIPSAW,LU_ICI_DIVISION,ICI_ALT_BRAND_DESC,TEXT
DW_RIPSAW,LU_ICI_DIVISION,ICI_ALT_DIV_DESC,TEXT
DW_RIPSAW,LU_ICI_DIVISION,ICI_BRAND,TEXT
DW_RIPSAW,LU_ICI_DIVISION,ICI_BRAND_NAME,TEXT
DW_RIPSAW,LU_ICI_DIVISION,ICI_BRAND_SEGMENT_CODE,TEXT
DW_RIPSAW,LU_ICI_DIVISION,ICI_CREATE_USER,TEXT
DW_RIPSAW,LU_ICI_DIVISION,ICI_DIV_CODE,TEXT
DW_RIPSAW,LU_ICI_DIVISION,ICI_DIV_DESC1,TEXT
DW_RIPSAW,LU_ICI_DIVISION,ICI_DIV_DESC2,TEXT
DW_RIPSAW,LU_ICI_DIVISION,ICI_DIV_GROUP,TEXT
DW_RIPSAW,LU_ICI_DIVISION,ICI_DIV_NAME_INACTIVE,TEXT
DW_RIPSAW,LU_ICI_DIVISION,ICI_DIV_SORT,TEXT
DW_RIPSAW,LU_ICI_DIVISION,ICI_DIV_SORT_INACTIVE,TEXT
DW_RIPSAW,LU_ICI_DIVISION,ICI_ITEM_PRICE_CODE,TEXT
DW_RIPSAW,LU_ICI_DIVISION,ICI_LOGO_FNAME,TEXT
DW_RIPSAW,LU_ICI_DIVISION,ICI_PSOFT_PROD_CODE,TEXT
DW_RIPSAW,LU_ICI_DIVISION,ICI_SKETCH_FNAME,TEXT
DW_RIPSAW,LU_ICI_DIVISION,ICI_UPDATE_USER,TEXT
DW_RIPSAW,LU_ICI_DIVISION,ICI_CREATE_DATE,TIMESTAMP_NTZ
DW_RIPSAW,LU_ICI_DIVISION,ICI_UPDATE_DATE,TIMESTAMP_NTZ
DW_RIPSAW,LU_ICI_DUTY_CODES,ICI_CREATE_DATE,DATE
DW_RIPSAW,LU_ICI_DUTY_CODES,ICI_LAST_UPDATE_DATE,DATE
DW_RIPSAW,LU_ICI_DUTY_CODES,ICI_DUTY_CODE_ID,NUMBER
DW_RIPSAW,LU_ICI_DUTY_CODES,ICI_CREATE_INIT,TEXT
DW_RIPSAW,LU_ICI_DUTY_CODES,ICI_DESCRIPTION,TEXT
DW_RIPSAW,LU_ICI_DUTY_CODES,ICI_DUTY_CODE,TEXT
DW_RIPSAW,LU_ICI_DUTY_CODES,ICI_LAST_UPDATE_INIT,TEXT
DW_RIPSAW,LU_ICI_DUTY_CODES,ICI_LINESHEET_DUTY_CODE,TEXT
DW_RIPSAW,LU_ICI_GENREFCODES,REF_CODE_ID,NUMBER
DW_RIPSAW,LU_ICI_GENREFCODES,REF_TYPE_ID,NUMBER
DW_RIPSAW,LU_ICI_GENREFCODES,CREATE_USER,TEXT
DW_RIPSAW,LU_ICI_GENREFCODES,REF_CODE,TEXT
DW_RIPSAW,LU_ICI_GENREFCODES,REF_CODE_DESC,TEXT
DW_RIPSAW,LU_ICI_GENREFCODES,UPDATE_USER,TEXT
DW_RIPSAW,LU_ICI_GENREFCODES,CREATE_DATETIME,TIMESTAMP_NTZ
DW_RIPSAW,LU_ICI_GENREFCODES,UPDATE_DATETIME,TIMESTAMP_NTZ
DW_RIPSAW,LU_ICI_GENREFTYPES,REF_TYPE_ID,NUMBER
DW_RIPSAW,LU_ICI_GENREFTYPES,CREATE_USER,TEXT
DW_RIPSAW,LU_ICI_GENREFTYPES,REF_TYPE,TEXT
DW_RIPSAW,LU_ICI_GENREFTYPES,REF_TYPE_DESC,TEXT
DW_RIPSAW,LU_ICI_GENREFTYPES,UPDATE_USER,TEXT
DW_RIPSAW,LU_ICI_GENREFTYPES,CREATE_DATETIME,TIMESTAMP_NTZ
DW_RIPSAW,LU_ICI_GENREFTYPES,UPDATE_DATETIME,TIMESTAMP_NTZ
DW_RIPSAW,LU_ICI_HISTORICALPRICING,HISTORICALPRICINGID,NUMBER
DW_RIPSAW,LU_ICI_HISTORICALPRICING,ITEMID,NUMBER
DW_RIPSAW,LU_ICI_HISTORICALPRICING,SUGGESTEDRETAIL,NUMBER
DW_RIPSAW,LU_ICI_HISTORICALPRICING,WHOLESALEPRICE,NUMBER
DW_RIPSAW,LU_ICI_HISTORICALPRICING,COLOR,TEXT
DW_RIPSAW,LU_ICI_HISTORICALPRICING,CRINIT,TEXT
DW_RIPSAW,LU_ICI_HISTORICALPRICING,LINESTATUSCODE,TEXT
DW_RIPSAW,LU_ICI_HISTORICALPRICING,LOCATION,TEXT
DW_RIPSAW,LU_ICI_HISTORICALPRICING,LUINIT,TEXT
DW_RIPSAW,LU_ICI_HISTORICALPRICING,PRICEEXCEPTIONCODE,TEXT
DW_RIPSAW,LU_ICI_HISTORICALPRICING,STYLE,TEXT
DW_RIPSAW,LU_ICI_HISTORICALPRICING,CRDATE,TIMESTAMP_NTZ
DW_RIPSAW,LU_ICI_HISTORICALPRICING,ENDDATE,TIMESTAMP_NTZ
DW_RIPSAW,LU_ICI_HISTORICALPRICING,LUDATE,TIMESTAMP_NTZ
DW_RIPSAW,LU_ICI_HISTORICALPRICING,STARTDATE,TIMESTAMP_NTZ
DW_RIPSAW,LU_ICI_IRETAILCALTYPES,ICI_IRETAILCALTYPEID,NUMBER
DW_RIPSAW,LU_ICI_IRETAILCALTYPES,ICI_CALENDAR_TYPE,TEXT
DW_RIPSAW,LU_ICI_IRETAILCALTYPES,ICI_CREATE_USER,TEXT
DW_RIPSAW,LU_ICI_IRETAILCALTYPES,ICI_DESC,TEXT
DW_RIPSAW,LU_ICI_IRETAILCALTYPES,ICI_METHOD,TEXT
DW_RIPSAW,LU_ICI_IRETAILCALTYPES,ICI_UPDATE_USER,TEXT
DW_RIPSAW,LU_ICI_IRETAILCALTYPES,ICI_CREATE_DATE,TIMESTAMP_NTZ
DW_RIPSAW,LU_ICI_IRETAILCALTYPES,ICI_UPDATE_DATE,TIMESTAMP_NTZ
DW_RIPSAW,LU_ICI_IRETAILCOMPFLAGS,ICI_IRETAILCOMPFLAGID,NUMBER
DW_RIPSAW,LU_ICI_IRETAILCOMPFLAGS,ICI_COMPFLAG,TEXT
DW_RIPSAW,LU_ICI_IRETAILCOMPFLAGS,ICI_CREATE_USER,TEXT
DW_RIPSAW,LU_ICI_IRETAILCOMPFLAGS,ICI_DESC,TEXT
DW_RIPSAW,LU_ICI_IRETAILCOMPFLAGS,ICI_UPDATE_USER,TEXT
DW_RIPSAW,LU_ICI_IRETAILCOMPFLAGS,ICI_CREATE_DATE,TIMESTAMP_NTZ
DW_RIPSAW,LU_ICI_IRETAILCOMPFLAGS,ICI_UPDATE_DATE,TIMESTAMP_NTZ
DW_RIPSAW,LU_ICI_IRETAILCOMPS,ICI_IRETAILCOMPID,NUMBER
DW_RIPSAW,LU_ICI_IRETAILCOMPS,ICI_RETAILLOCHID,NUMBER
DW_RIPSAW,LU_ICI_IRETAILCOMPS,ICI_CALENDAR_TYPE,TEXT
DW_RIPSAW,LU_ICI_IRETAILCOMPS,ICI_COMPFLAG,TEXT
DW_RIPSAW,LU_ICI_IRETAILCOMPS,ICI_CREATE_USER,TEXT
DW_RIPSAW,LU_ICI_IRETAILCOMPS,ICI_TRANPERIOD,TEXT
DW_RIPSAW,LU_ICI_IRETAILCOMPS,ICI_UPDATE_USER,TEXT
DW_RIPSAW,LU_ICI_IRETAILCOMPS,ICI_CREATE_DATE,TIMESTAMP_NTZ
DW_RIPSAW,LU_ICI_IRETAILCOMPS,ICI_UPDATE_DATE,TIMESTAMP_NTZ
DW_RIPSAW,LU_ICI_IRETAIL_STATUS,ICI_RETAIL_STATUS_ID,NUMBER
DW_RIPSAW,LU_ICI_IRETAIL_STATUS,ICI_CREATE_USER,TEXT
DW_RIPSAW,LU_ICI_IRETAIL_STATUS,ICI_IRETAIL_PROD_STATUS,TEXT
DW_RIPSAW,LU_ICI_IRETAIL_STATUS,ICI_ORIG_STATUS,TEXT
DW_RIPSAW,LU_ICI_IRETAIL_STATUS,ICI_UPDATE_USER,TEXT
DW_RIPSAW,LU_ICI_IRETAIL_STATUS,ICI_CREATE_DATE,TIMESTAMP_NTZ
DW_RIPSAW,LU_ICI_IRETAIL_STATUS,ICI_UPDATE_DATE,TIMESTAMP_NTZ
DW_RIPSAW,LU_ICI_ITEM,ICI_CREATE_DATE,DATE
DW_RIPSAW,LU_ICI_ITEM,ICI_LAST_UPDATE_DATE,DATE
DW_RIPSAW,LU_ICI_ITEM,ICI_ALTERNATE_ORIGIN,NUMBER
DW_RIPSAW,LU_ICI_ITEM,ICI_COMMISSION_RATE,NUMBER
DW_RIPSAW,LU_ICI_ITEM,ICI_FIRST_COST,NUMBER
DW_RIPSAW,LU_ICI_ITEM,ICI_INCLUDE_MOLD,NUMBER
DW_RIPSAW,LU_ICI_ITEM,ICI_IS_DIR_PRIC_FACT,NUMBER
DW_RIPSAW,LU_ICI_ITEM,ICI_IS_LAST_PROD,NUMBER
DW_RIPSAW,LU_ICI_ITEM,ICI_ITEM_DEF_EXCEPT,NUMBER
DW_RIPSAW,LU_ICI_ITEM,ICI_ITEM_ID,NUMBER
DW_RIPSAW,LU_ICI_ITEM,ICI_NO_SKETCH,NUMBER
DW_RIPSAW,LU_ICI_ITEM,ICI_PRECOST,NUMBER
DW_RIPSAW,LU_ICI_ITEM,ICI_PRECOST_FLAG,NUMBER
DW_RIPSAW,LU_ICI_ITEM,ICI_COLOR,TEXT
DW_RIPSAW,LU_ICI_ITEM,ICI_CREATE_INIT,TEXT
DW_RIPSAW,LU_ICI_ITEM,ICI_DEVELOPER_CODE,TEXT
DW_RIPSAW,LU_ICI_ITEM,ICI_FACTORY_CODE,TEXT
DW_RIPSAW,LU_ICI_ITEM,ICI_FIRST_COST_CURR,TEXT
DW_RIPSAW,LU_ICI_ITEM,ICI_LAST_UPDATE_INIT,TEXT
DW_RIPSAW,LU_ICI_ITEM,ICI_MOLD_REF,TEXT
DW_RIPSAW,LU_ICI_ITEM,ICI_ORIGIN,TEXT
DW_RIPSAW,LU_ICI_ITEM,ICI_PORT,TEXT
DW_RIPSAW,LU_ICI_ITEM,ICI_PRECOST_CURR,TEXT
DW_RIPSAW,LU_ICI_ITEM,ICI_STYLE,TEXT
DW_RIPSAW,LU_ICI_ITEM_AMOUNT,ICI_ADD_DATE,DATE
DW_RIPSAW,LU_ICI_ITEM_AMOUNT,ICI_CREATE_DATE,DATE
DW_RIPSAW,LU_ICI_ITEM_AMOUNT,ICI_LAST_UPDATE_DATE,DATE
DW_RIPSAW,LU_ICI_ITEM_AMOUNT,ICI_MARKDOWN_DATE,DATE
DW_RIPSAW,LU_ICI_ITEM_AMOUNT,ICI_BYPASS_AUTO_STATUS,NUMBER
DW_RIPSAW,LU_ICI_ITEM_AMOUNT,ICI_ITEM_AMOUNT_ID,NUMBER
DW_RIPSAW,LU_ICI_ITEM_AMOUNT,ICI_ITEM_ID,NUMBER
DW_RIPSAW,LU_ICI_ITEM_AMOUNT,ICI_LAST_INL_SUGGESTED,NUMBER
DW_RIPSAW,LU_ICI_ITEM_AMOUNT,ICI_LAST_INL_WHOLESALE,NUMBER
DW_RIPSAW,LU_ICI_ITEM_AMOUNT,ICI_STYLE_ID,NUMBER
DW_RIPSAW,LU_ICI_ITEM_AMOUNT,ICI_SUGGESTED_RETAIL,NUMBER
DW_RIPSAW,LU_ICI_ITEM_AMOUNT,ICI_WHOLESALE_PRICE,NUMBER
DW_RIPSAW,LU_ICI_ITEM_AMOUNT,ICI_CREATE_INIT,TEXT
DW_RIPSAW,LU_ICI_ITEM_AMOUNT,ICI_GARPAC_SIZE_RANGE,TEXT
DW_RIPSAW,LU_ICI_ITEM_AMOUNT,ICI_LAST_UPDATE_INIT,TEXT
DW_RIPSAW,LU_ICI_ITEM_AMOUNT,ICI_LEGAL_CODE,TEXT
DW_RIPSAW,LU_ICI_ITEM_AMOUNT,ICI_LINE_STATUS_CODE,TEXT
DW_RIPSAW,LU_ICI_ITEM_AMOUNT,ICI_LOCATION,TEXT
DW_RIPSAW,LU_ICI_ITEM_AMOUNT,ICI_PRICE_EXCEPT_CODE,TEXT
DW_RIPSAW,LU_ICI_ITEM_DUTY,ICI_CREATE_DATE,DATE
DW_RIPSAW,LU_ICI_ITEM_DUTY,ICI_LAST_UPDATE_DATE,DATE
DW_RIPSAW,LU_ICI_ITEM_DUTY,ICI_DUMPING_PCT,NUMBER
DW_RIPSAW,LU_ICI_ITEM_DUTY,ICI_DUTY_FEE,NUMBER
DW_RIPSAW,LU_ICI_ITEM_DUTY,ICI_DUTY_RATE,NUMBER
DW_RIPSAW,LU_ICI_ITEM_DUTY,ICI_FREIGHT_IN,NUMBER
DW_RIPSAW,LU_ICI_ITEM_DUTY,ICI_GWP,NUMBER
DW_RIPSAW,LU_ICI_ITEM_DUTY,ICI_ITEM_DUTY_ID,NUMBER
DW_RIPSAW,LU_ICI_ITEM_DUTY,ICI_ITEM_ID,NUMBER
DW_RIPSAW,LU_ICI_ITEM_DUTY,ICI_LANDED_COST,NUMBER
DW_RIPSAW,LU_ICI_ITEM_DUTY,ICI_OTHER_RATE,NUMBER
DW_RIPSAW,LU_ICI_ITEM_DUTY,ICI_QUOTA,NUMBER
DW_RIPSAW,LU_ICI_ITEM_DUTY,ICI_STYLE_ID,NUMBER
DW_RIPSAW,LU_ICI_ITEM_DUTY,ICI_CREATE_INIT,TEXT
DW_RIPSAW,LU_ICI_ITEM_DUTY,ICI_INVOICE_DESC,TEXT
DW_RIPSAW,LU_ICI_ITEM_DUTY,ICI_LAST_UPDATE_INIT,TEXT
DW_RIPSAW,LU_ICI_ITEM_DUTY,ICI_LOCATION,TEXT
DW_RIPSAW,LU_ICI_ITEM_DUTY,ICI_SIZE_RANGE,TEXT
DW_RIPSAW,LU_ICI_ITEM_DUTY,ICI_TARIF_CODE,TEXT
DW_RIPSAW,LU_ICI_ITEM_DUTY_DEF,ICI_CREATE_DATE,DATE
DW_RIPSAW,LU_ICI_ITEM_DUTY_DEF,ICI_END_DATE,DATE
DW_RIPSAW,LU_ICI_ITEM_DUTY_DEF,ICI_LAST_UPDATE_DATE,DATE
DW_RIPSAW,LU_ICI_ITEM_DUTY_DEF,ICI_START_DATE,DATE
DW_RIPSAW,LU_ICI_ITEM_DUTY_DEF,ICI_DUMPING_PCT,NUMBER
DW_RIPSAW,LU_ICI_ITEM_DUTY_DEF,ICI_DUTY_FEE,NUMBER
DW_RIPSAW,LU_ICI_ITEM_DUTY_DEF,ICI_DUTY_KG_FEE_FLAG,NUMBER
DW_RIPSAW,LU_ICI_ITEM_DUTY_DEF,ICI_DUTY_RATE,NUMBER
DW_RIPSAW,LU_ICI_ITEM_DUTY_DEF,ICI_FREIGHT_IN,NUMBER
DW_RIPSAW,LU_ICI_ITEM_DUTY_DEF,ICI_ITEM_DUTY_DEF_ID,NUMBER
DW_RIPSAW,LU_ICI_ITEM_DUTY_DEF,ICI_QUOTA,NUMBER
DW_RIPSAW,LU_ICI_ITEM_DUTY_DEF,ICI_CREATE_INIT,TEXT
DW_RIPSAW,LU_ICI_ITEM_DUTY_DEF,ICI_LAST_UPDATE_INIT,TEXT
DW_RIPSAW,LU_ICI_ITEM_DUTY_DEF,ICI_LOCATION,TEXT
DW_RIPSAW,LU_ICI_ITEM_DUTY_DEF,ICI_ORIGIN,TEXT
DW_RIPSAW,LU_ICI_ITEM_DUTY_DEF,ICI_REDUCTIO_NHTS_CODE,TEXT
DW_RIPSAW,LU_ICI_ITEM_DUTY_DEF,ICI_SIZE_RANGE,TEXT
DW_RIPSAW,LU_ICI_ITEM_DUTY_DEF,ICI_TARIFF_CODE,TEXT
DW_RIPSAW,LU_ICI_KEYCATDW,ICI_CREATE_DATE,DATE
DW_RIPSAW,LU_ICI_KEYCATDW,ICI_LAST_UPDATE_DATE,DATE
DW_RIPSAW,LU_ICI_KEYCATDW,ICI_KEYCATDWID,NUMBER
DW_RIPSAW,LU_ICI_KEYCATDW,ICI_CREATE_INIT,TEXT
DW_RIPSAW,LU_ICI_KEYCATDW,ICI_KEYCATEGORYNAME,TEXT
DW_RIPSAW,LU_ICI_KEYCATDW,ICI_LAST_UPDATE_INIT,TEXT
DW_RIPSAW,LU_ICI_KEYCATDW,ICI_STYLE,TEXT
DW_RIPSAW,LU_ICI_LEGAL_CODES,ICI_CREATE_DATE,DATE
DW_RIPSAW,LU_ICI_LEGAL_CODES,ICI_EXPIRE_DATE,DATE
DW_RIPSAW,LU_ICI_LEGAL_CODES,ICI_LAST_UPDATE_DATE,DATE
DW_RIPSAW,LU_ICI_LEGAL_CODES,ICI_INACTIVE,NUMBER
DW_RIPSAW,LU_ICI_LEGAL_CODES,ICI_LEGAL_CODEID,NUMBER
DW_RIPSAW,LU_ICI_LEGAL_CODES,ICI_CREATE_INIT,TEXT
DW_RIPSAW,LU_ICI_LEGAL_CODES,ICI_DESCRIPTION,TEXT
DW_RIPSAW,LU_ICI_LEGAL_CODES,ICI_LAST_UPDATE_INIT,TEXT
DW_RIPSAW,LU_ICI_LEGAL_CODES,ICI_LEGAL_CODE,TEXT
DW_RIPSAW,LU_ICI_LOCATION,ICI_CREATE_DATE,DATE
DW_RIPSAW,LU_ICI_LOCATION,ICI_LAST_UPDATE_DATE,DATE
DW_RIPSAW,LU_ICI_LOCATION,ICI_CONVERSIONRATE,NUMBER
DW_RIPSAW,LU_ICI_LOCATION,ICI_ISTRANSFERLOC,NUMBER
DW_RIPSAW,LU_ICI_LOCATION,ICI_LOCATION_ID,NUMBER
DW_RIPSAW,LU_ICI_LOCATION,ICI_RETAILONLY,NUMBER
DW_RIPSAW,LU_ICI_LOCATION,ICI_USERDEFINEDSTATUS,NUMBER
DW_RIPSAW,LU_ICI_LOCATION,ICI_BUSINESSUNIT,TEXT
DW_RIPSAW,LU_ICI_LOCATION,ICI_BUYAD1,TEXT
DW_RIPSAW,LU_ICI_LOCATION,ICI_BUYAD2,TEXT
DW_RIPSAW,LU_ICI_LOCATION,ICI_BUYAD3,TEXT
DW_RIPSAW,LU_ICI_LOCATION,ICI_BUYNAME,TEXT
DW_RIPSAW,LU_ICI_LOCATION,ICI_CASCADEFIELDS,TEXT
DW_RIPSAW,LU_ICI_LOCATION,ICI_CREATE_INIT,TEXT
DW_RIPSAW,LU_ICI_LOCATION,ICI_CURRENCY,TEXT
DW_RIPSAW,LU_ICI_LOCATION,ICI_CURRENCY2,TEXT
DW_RIPSAW,LU_ICI_LOCATION,ICI_DESCRIPTION,TEXT
DW_RIPSAW,LU_ICI_LOCATION,ICI_DUTY_LOCATION,TEXT
DW_RIPSAW,LU_ICI_LOCATION,ICI_FOREIGNSIZECODE,TEXT
DW_RIPSAW,LU_ICI_LOCATION,ICI_GARPACDATASYSTEMCODE,TEXT
DW_RIPSAW,LU_ICI_LOCATION,ICI_GROUPORDER,TEXT
DW_RIPSAW,LU_ICI_LOCATION,ICI_LAST_UPDATE_INIT,TEXT
DW_RIPSAW,LU_ICI_LOCATION,ICI_LOCATION,TEXT
DW_RIPSAW,LU_ICI_LOCATION,ICI_SELLINGLOCATION,TEXT
DW_RIPSAW,LU_ICI_LOCATION,ICI_SYSTEMCODE,TEXT
DW_RIPSAW,LU_ICI_OPVDISCOUNTD,DISCOUNT,NUMBER
DW_RIPSAW,LU_ICI_OPVDISCOUNTD,INACTIVE,NUMBER
DW_RIPSAW,LU_ICI_OPVDISCOUNTD,OPVDISCOUNTDID,NUMBER
DW_RIPSAW,LU_ICI_OPVDISCOUNTD,OPVDISCOUNTID,NUMBER
DW_RIPSAW,LU_ICI_OPVDISCOUNTD,TIERED,NUMBER
DW_RIPSAW,LU_ICI_OPVDISCOUNTD,CRINIT,TEXT
DW_RIPSAW,LU_ICI_OPVDISCOUNTD,DISCDESCRIPTION,TEXT
DW_RIPSAW,LU_ICI_OPVDISCOUNTD,DISCPRICETYPE,TEXT
DW_RIPSAW,LU_ICI_OPVDISCOUNTD,LUINIT,TEXT
DW_RIPSAW,LU_ICI_OPVDISCOUNTD,OPV_TYPE,TEXT
DW_RIPSAW,LU_ICI_OPVDISCOUNTD,CRDATE,TIMESTAMP_NTZ
DW_RIPSAW,LU_ICI_OPVDISCOUNTD,EFFECTIVEDATE,TIMESTAMP_NTZ
DW_RIPSAW,LU_ICI_OPVDISCOUNTD,ENDDATE,TIMESTAMP_NTZ
DW_RIPSAW,LU_ICI_OPVDISCOUNTD,INACTIVEDATE,TIMESTAMP_NTZ
DW_RIPSAW,LU_ICI_OPVDISCOUNTD,LUDATE,TIMESTAMP_NTZ
DW_RIPSAW,LU_ICI_OPVDISCOUNTH,CLOSEDACCOUNT,NUMBER
DW_RIPSAW,LU_ICI_OPVDISCOUNTH,CONSIGNMENT,NUMBER
DW_RIPSAW,LU_ICI_OPVDISCOUNTH,DOORS,NUMBER
DW_RIPSAW,LU_ICI_OPVDISCOUNTH,OPVDISCOUNTID,NUMBER
DW_RIPSAW,LU_ICI_OPVDISCOUNTH,RETURNSALLOW,NUMBER
DW_RIPSAW,LU_ICI_OPVDISCOUNTH,WARNING,NUMBER
DW_RIPSAW,LU_ICI_OPVDISCOUNTH,BUYINGGROUP,TEXT
DW_RIPSAW,LU_ICI_OPVDISCOUNTH,CRINIT,TEXT
DW_RIPSAW,LU_ICI_OPVDISCOUNTH,CUSTOMERNO,TEXT
DW_RIPSAW,LU_ICI_OPVDISCOUNTH,CUSTOMERTIER,TEXT
DW_RIPSAW,LU_ICI_OPVDISCOUNTH,GARPACSYSTEM,TEXT
DW_RIPSAW,LU_ICI_OPVDISCOUNTH,LUINIT,TEXT
DW_RIPSAW,LU_ICI_OPVDISCOUNTH,NOTES,TEXT
DW_RIPSAW,LU_ICI_OPVDISCOUNTH,SUBOFFICE,TEXT
DW_RIPSAW,LU_ICI_OPVDISCOUNTH,CLOSEDDATE,TIMESTAMP_NTZ
DW_RIPSAW,LU_ICI_OPVDISCOUNTH,CRDATE,TIMESTAMP_NTZ
DW_RIPSAW,LU_ICI_OPVDISCOUNTH,LUDATE,TIMESTAMP_NTZ
DW_RIPSAW,LU_ICI_OPVDISCOUNTH,WARNINGDATE,TIMESTAMP_NTZ
DW_RIPSAW,LU_ICI_OPVORD_PRICE_XREF,ICI_CREATE_DATE,DATE
DW_RIPSAW,LU_ICI_OPVORD_PRICE_XREF,ICI_LAST_UPDATE_DATE,DATE
DW_RIPSAW,LU_ICI_OPVORD_PRICE_XREF,ICI_OPVORDPRICEXREFID,NUMBER
DW_RIPSAW,LU_ICI_OPVORD_PRICE_XREF,ICI_CREATE_INIT,TEXT
DW_RIPSAW,LU_ICI_OPVORD_PRICE_XREF,ICI_CURRENCY,TEXT
DW_RIPSAW,LU_ICI_OPVORD_PRICE_XREF,ICI_GARPACSUBOFFICE,TEXT
DW_RIPSAW,LU_ICI_OPVORD_PRICE_XREF,ICI_GARPACSYSTEM,TEXT
DW_RIPSAW,LU_ICI_OPVORD_PRICE_XREF,ICI_LAST_UPDATE_INIT,TEXT
DW_RIPSAW,LU_ICI_OPVORD_PRICE_XREF,ICI_LOCATION,TEXT
DW_RIPSAW,LU_ICI_OPVORD_PRICE_XREF,ICI_PRICEREQUESTSUBOFFICE,TEXT
DW_RIPSAW,LU_ICI_PRICE_EXCEPTION,ICI_CREATE_DATE,DATE
DW_RIPSAW,LU_ICI_PRICE_EXCEPTION,ICI_EXPIREDATE,DATE
DW_RIPSAW,LU_ICI_PRICE_EXCEPTION,ICI_LAST_UPDATE_DATE,DATE
DW_RIPSAW,LU_ICI_PRICE_EXCEPTION,ICI_INACTIVE,NUMBER
DW_RIPSAW,LU_ICI_PRICE_EXCEPTION,ICI_PRI_XCPT_CODE_ID,NUMBER
DW_RIPSAW,LU_ICI_PRICE_EXCEPTION,ICI_CREATE_INIT,TEXT
DW_RIPSAW,LU_ICI_PRICE_EXCEPTION,ICI_DESCRIPTION,TEXT
DW_RIPSAW,LU_ICI_PRICE_EXCEPTION,ICI_LAST_UPDATE_INIT,TEXT
DW_RIPSAW,LU_ICI_PRICE_EXCEPTION,ICI_PRI_XCPT_CODE,TEXT
DW_RIPSAW,LU_ICI_RETAILTYPES,ICI_CREATE_DATE,DATE
DW_RIPSAW,LU_ICI_RETAILTYPES,ICI_LAST_UPDATE_DATE,DATE
DW_RIPSAW,LU_ICI_RETAILTYPES,ICI_RETAILTYPE_ID,NUMBER
DW_RIPSAW,LU_ICI_RETAILTYPES,ICI_CREATE_INIT,TEXT
DW_RIPSAW,LU_ICI_RETAILTYPES,ICI_DESCRIPTION,TEXT
DW_RIPSAW,LU_ICI_RETAILTYPES,ICI_LAST_UPDATE_INIT,TEXT
DW_RIPSAW,LU_ICI_RETAILTYPES,ICI_RETAILTYPE,TEXT
DW_RIPSAW,LU_ICI_RETAIL_BUYS,ICI_QTR,NUMBER
DW_RIPSAW,LU_ICI_RETAIL_BUYS,ICI_QTY,NUMBER
DW_RIPSAW,LU_ICI_RETAIL_BUYS,ICI_RETAIL_BUY_ID,NUMBER
DW_RIPSAW,LU_ICI_RETAIL_BUYS,ICI_YR,NUMBER
DW_RIPSAW,LU_ICI_RETAIL_BUYS,ICI_COLOR,TEXT
DW_RIPSAW,LU_ICI_RETAIL_BUYS,ICI_COUNTRY_ISO3,TEXT
DW_RIPSAW,LU_ICI_RETAIL_BUYS,ICI_CREATE_USER,TEXT
DW_RIPSAW,LU_ICI_RETAIL_BUYS,ICI_RETAIL_BRAND_CODE,TEXT
DW_RIPSAW,LU_ICI_RETAIL_BUYS,ICI_RETAIL_TERRITORY_CODE,TEXT
DW_RIPSAW,LU_ICI_RETAIL_BUYS,ICI_STYLE,TEXT
DW_RIPSAW,LU_ICI_RETAIL_BUYS,ICI_UPDATE_USER,TEXT
DW_RIPSAW,LU_ICI_RETAIL_BUYS,ICI_CREATE_DATE,TIMESTAMP_NTZ
DW_RIPSAW,LU_ICI_RETAIL_BUYS,ICI_UPDATE_DATE,TIMESTAMP_NTZ
DW_RIPSAW,LU_ICI_RETAIL_CHANNEL,ICI_RETAIL_CHANNEL_ID,NUMBER
DW_RIPSAW,LU_ICI_RETAIL_CHANNEL,ICI_CREATE_USER,TEXT
DW_RIPSAW,LU_ICI_RETAIL_CHANNEL,ICI_IRETAIL_CHANNEL_CODE,TEXT
DW_RIPSAW,LU_ICI_RETAIL_CHANNEL,ICI_IRETAIL_CHANNEL_DESC,TEXT
DW_RIPSAW,LU_ICI_RETAIL_CHANNEL,ICI_UPDATE_USER,TEXT
DW_RIPSAW,LU_ICI_RETAIL_CHANNEL,ICI_CREATE_DATE,TIMESTAMP_NTZ
DW_RIPSAW,LU_ICI_RETAIL_CHANNEL,ICI_UPDATE_DATE,TIMESTAMP_NTZ
DW_RIPSAW,LU_ICI_RETAIL_KI,ICI_JV_FLAG,NUMBER
DW_RIPSAW,LU_ICI_RETAIL_KI,ICI_RETAIL_KI_ID,NUMBER
DW_RIPSAW,LU_ICI_RETAIL_KI,ICI_CREATE_USER,TEXT
DW_RIPSAW,LU_ICI_RETAIL_KI,ICI_KI_CLASS,TEXT
DW_RIPSAW,LU_ICI_RETAIL_KI,ICI_KI_DESC,TEXT
DW_RIPSAW,LU_ICI_RETAIL_KI,ICI_OUTSOLE,TEXT
DW_RIPSAW,LU_ICI_RETAIL_KI,ICI_STYLE,TEXT
DW_RIPSAW,LU_ICI_RETAIL_KI,ICI_UPDATE_USER,TEXT
DW_RIPSAW,LU_ICI_RETAIL_KI,ICI_CREATE_DATE,TIMESTAMP_NTZ
DW_RIPSAW,LU_ICI_RETAIL_KI,ICI_UPDATE_DATE,TIMESTAMP_NTZ
DW_RIPSAW,LU_ICI_SSCAL_GNDR,INACT_IND,NUMBER
DW_RIPSAW,LU_ICI_SSCAL_GNDR,SZSCALGEN_NUM,NUMBER
DW_RIPSAW,LU_ICI_SSCAL_GNDR,CREATE_USER,TEXT
DW_RIPSAW,LU_ICI_SSCAL_GNDR,DIV_CODE,TEXT
DW_RIPSAW,LU_ICI_SSCAL_GNDR,GENDER,TEXT
DW_RIPSAW,LU_ICI_SSCAL_GNDR,SIZE_RUN_CODE,TEXT
DW_RIPSAW,LU_ICI_SSCAL_GNDR,UPDATE_USER,TEXT
DW_RIPSAW,LU_ICI_SSCAL_GNDR,CREATE_DATE,TIMESTAMP_NTZ
DW_RIPSAW,LU_ICI_SSCAL_GNDR,UPDATE_DATE,TIMESTAMP_NTZ
DW_RIPSAW,LU_ICI_STYLECAT,CAT_DIMENSION_ID,NUMBER
DW_RIPSAW,LU_ICI_STYLECAT,RANK_ID,NUMBER
DW_RIPSAW,LU_ICI_STYLECAT,STYLE_CAT_ID,NUMBER
DW_RIPSAW,LU_ICI_STYLECAT,STYLE_ID,NUMBER
DW_RIPSAW,LU_ICI_STYLECAT,CAT_CODE,TEXT
DW_RIPSAW,LU_ICI_STYLECAT,ICI_CREATE_USER,TEXT
DW_RIPSAW,LU_ICI_STYLECAT,ICI_UPDATE_USER,TEXT
DW_RIPSAW,LU_ICI_STYLECAT,ICI_CREATE_DATE,TIMESTAMP_NTZ
DW_RIPSAW,LU_ICI_STYLECAT,ICI_UPDATE_DATE,TIMESTAMP_NTZ
DW_RIPSAW,LU_ICI_STYLES,ICI_CREATE_DATE,DATE
DW_RIPSAW,LU_ICI_STYLES,ICI_LASTPRODDATE,DATE
DW_RIPSAW,LU_ICI_STYLES,ICI_LAST_UPDATE_DATE,DATE
DW_RIPSAW,LU_ICI_STYLES,ICI_BOUGHTDOM,NUMBER
DW_RIPSAW,LU_ICI_STYLES,ICI_STYLEID,NUMBER
DW_RIPSAW,LU_ICI_STYLES,ICI_BOXCATEGORY,TEXT
DW_RIPSAW,LU_ICI_STYLES,ICI_CATCLOSURE,TEXT
DW_RIPSAW,LU_ICI_STYLES,ICI_CATEGORY,TEXT
DW_RIPSAW,LU_ICI_STYLES,ICI_CATHEIGHT,TEXT
DW_RIPSAW,LU_ICI_STYLES,ICI_CATLIGHTED,TEXT
DW_RIPSAW,LU_ICI_STYLES,ICI_CATSHAPE,TEXT
DW_RIPSAW,LU_ICI_STYLES,ICI_CATSPORT,TEXT
DW_RIPSAW,LU_ICI_STYLES,ICI_CATTYPE,TEXT
DW_RIPSAW,LU_ICI_STYLES,ICI_CREATE_INIT,TEXT
DW_RIPSAW,LU_ICI_STYLES,ICI_FEDAS_CODE,TEXT
DW_RIPSAW,LU_ICI_STYLES,ICI_LAST_UPDATE_INIT,TEXT
DW_RIPSAW,LU_ICI_STYLES,ICI_ORIGINALSTYLE,TEXT
DW_RIPSAW,LU_ICI_STYLES,ICI_REFNUMBER,TEXT
DW_RIPSAW,LU_ICI_STYLES,ICI_STYLE,TEXT
DW_RIPSAW,LU_ICI_STYLES,ICI_UOM,TEXT
DW_RIPSAW,LU_ICI_STYLE_FEATURES,ICI_CREATE_DATE,DATE
DW_RIPSAW,LU_ICI_STYLE_FEATURES,ICI_LAST_UPDATE_DATE,DATE
DW_RIPSAW,LU_ICI_STYLE_FEATURES,ICI_ISE_COM_WORK,NUMBER
DW_RIPSAW,LU_ICI_STYLE_FEATURES,ICI_STYLEID,NUMBER
DW_RIPSAW,LU_ICI_STYLE_FEATURES,ICI_STYLE_FEATURE_ID,NUMBER
DW_RIPSAW,LU_ICI_STYLE_FEATURES,ICI_WA_FEATURE,NUMBER
DW_RIPSAW,LU_ICI_STYLE_FEATURES,ICI_CREATE_INIT,TEXT
DW_RIPSAW,LU_ICI_STYLE_FEATURES,ICI_FEATURE_CODE,TEXT
DW_RIPSAW,LU_ICI_STYLE_FEATURES,ICI_LAST_UPDATE_INIT,TEXT
DW_RIPSAW,LU_ICI_STYLE_FEATURES,ICI_STYLE,TEXT
DW_RIPSAW,LU_ICI_STYLE_FEAT_CODE,ICI_CREATE_DATE,DATE
DW_RIPSAW,LU_ICI_STYLE_FEAT_CODE,ICI_LAST_UPDATE_DATE,DATE
DW_RIPSAW,LU_ICI_STYLE_FEAT_CODE,ICI_FEATURESORT,NUMBER
DW_RIPSAW,LU_ICI_STYLE_FEAT_CODE,ICI_IS_GROUP,NUMBER
DW_RIPSAW,LU_ICI_STYLE_FEAT_CODE,ICI_STYLE_FEAT_CODE_ID,NUMBER
DW_RIPSAW,LU_ICI_STYLE_FEAT_CODE,ICI_CREATE_INIT,TEXT
DW_RIPSAW,LU_ICI_STYLE_FEAT_CODE,ICI_FEATURENAME,TEXT
DW_RIPSAW,LU_ICI_STYLE_FEAT_CODE,ICI_FEATURE_CODE,TEXT
DW_RIPSAW,LU_ICI_STYLE_FEAT_CODE,ICI_LAST_UPDATE_INIT,TEXT
DW_RIPSAW,LU_ICI_STYLE_FEAT_CODE,ICI_LOCATIONEXCLUSIONS,TEXT
DW_RIPSAW,LU_ICI_STYLE_LAST_PROD,ICI_CREATE_DATE,DATE
DW_RIPSAW,LU_ICI_STYLE_LAST_PROD,ICI_LAST_PROD_DATE,DATE
DW_RIPSAW,LU_ICI_STYLE_LAST_PROD,ICI_LAST_UPDATE_DATE,DATE
DW_RIPSAW,LU_ICI_STYLE_LAST_PROD,ICI_FACTORY_DIR_ONLY,NUMBER
DW_RIPSAW,LU_ICI_STYLE_LAST_PROD,ICI_STYLE_LAST_PROD_ID,NUMBER
DW_RIPSAW,LU_ICI_STYLE_LAST_PROD,ICI_COLOR,TEXT
DW_RIPSAW,LU_ICI_STYLE_LAST_PROD,ICI_CREATE_INIT,TEXT
DW_RIPSAW,LU_ICI_STYLE_LAST_PROD,ICI_LAST_PROD_FAC_CODE,TEXT
DW_RIPSAW,LU_ICI_STYLE_LAST_PROD,ICI_LAST_PROD_ORIGIN,TEXT
DW_RIPSAW,LU_ICI_STYLE_LAST_PROD,ICI_LAST_UPDATE_INIT,TEXT
DW_RIPSAW,LU_ICI_STYLE_LAST_PROD,ICI_STYLE,TEXT
DW_RIPSAW,LU_ICI_STYLE_LAST_PROD,ICI_SYSTEM_CODE,TEXT
DW_RIPSAW,LU_ICI_TERRITORY,ICI_TERR_INACT_IND,NUMBER
DW_RIPSAW,LU_ICI_TERRITORY,ICI_TERR_NUM,NUMBER
DW_RIPSAW,LU_ICI_TERRITORY,ICI_COORDINATOR,TEXT
DW_RIPSAW,LU_ICI_TERRITORY,ICI_CREATE_USER,TEXT
DW_RIPSAW,LU_ICI_TERRITORY,ICI_TERR_BUS_TYPE,TEXT
DW_RIPSAW,LU_ICI_TERRITORY,ICI_TERR_CODE,TEXT
DW_RIPSAW,LU_ICI_TERRITORY,ICI_TERR_DESC,TEXT
DW_RIPSAW,LU_ICI_TERRITORY,ICI_TERR_REGION_CD,TEXT
DW_RIPSAW,LU_ICI_TERRITORY,ICI_UPDATE_USER,TEXT
DW_RIPSAW,LU_ICI_TERRITORY,ICI_CREATE_DATE,TIMESTAMP_NTZ
DW_RIPSAW,LU_ICI_TERRITORY,ICI_UPDATE_DATE,TIMESTAMP_NTZ
DW_RIPSAW,LU_ICI_TERR_XREF_DW,ICI_COMPANY_CODE,NUMBER
DW_RIPSAW,LU_ICI_TERR_XREF_DW,ICI_TERR_XREF_NUM,NUMBER
DW_RIPSAW,LU_ICI_TERR_XREF_DW,DW_CUST_STORE_CODE,TEXT
DW_RIPSAW,LU_ICI_TERR_XREF_DW,DW_RECORD_TYPE,TEXT
DW_RIPSAW,LU_ICI_TERR_XREF_DW,ICI_BILL_CODE,TEXT
DW_RIPSAW,LU_ICI_TERR_XREF_DW,ICI_CREATE_USER,TEXT
DW_RIPSAW,LU_ICI_TERR_XREF_DW,ICI_CURR_CODE,TEXT
DW_RIPSAW,LU_ICI_TERR_XREF_DW,ICI_CUST_CODE,TEXT
DW_RIPSAW,LU_ICI_TERR_XREF_DW,ICI_CUST_STORE_CODE,TEXT
DW_RIPSAW,LU_ICI_TERR_XREF_DW,ICI_CUST_TYPE_CODE,TEXT
DW_RIPSAW,LU_ICI_TERR_XREF_DW,ICI_GARPAC_COUNTRY,TEXT
DW_RIPSAW,LU_ICI_TERR_XREF_DW,ICI_INACT_IND,TEXT
DW_RIPSAW,LU_ICI_TERR_XREF_DW,ICI_SUB_OFFICE_CODE,TEXT
DW_RIPSAW,LU_ICI_TERR_XREF_DW,ICI_TERR_CODE,TEXT
DW_RIPSAW,LU_ICI_TERR_XREF_DW,ICI_TERR_TYPE,TEXT
DW_RIPSAW,LU_ICI_TERR_XREF_DW,ICI_UPDATE_USER,TEXT
DW_RIPSAW,LU_ICI_TERR_XREF_DW,ICI_CREATE_DATE,TIMESTAMP_NTZ
DW_RIPSAW,LU_ICI_TERR_XREF_DW,ICI_UPDATE_DATE,TIMESTAMP_NTZ
DW_RIPSAW,LU_MARK_DOWN,MARKDOWN_DATE,DATE
DW_RIPSAW,LU_MARK_DOWN,COMPANY_CODE,NUMBER
DW_RIPSAW,LU_MARK_DOWN,NEW_PRICE,NUMBER
DW_RIPSAW,LU_MARK_DOWN,OLD_PRICE,NUMBER
DW_RIPSAW,LU_MARK_DOWN,ACTIVE_OK,TEXT
DW_RIPSAW,LU_MARK_DOWN,COLOR_CODE,TEXT
DW_RIPSAW,LU_MARK_DOWN,COUNTRY,TEXT
DW_RIPSAW,LU_MARK_DOWN,CREATE_USER,TEXT
DW_RIPSAW,LU_MARK_DOWN,CURR_CODE,TEXT
DW_RIPSAW,LU_MARK_DOWN,DIVISION,TEXT
DW_RIPSAW,LU_MARK_DOWN,LBL_CODE,TEXT
DW_RIPSAW,LU_MARK_DOWN,MARKDOWN_DESC1,TEXT
DW_RIPSAW,LU_MARK_DOWN,MARKDOWN_DESC2,TEXT
DW_RIPSAW,LU_MARK_DOWN,STYLE,TEXT
DW_RIPSAW,LU_MARK_DOWN,SUBOFC_CODE,TEXT
DW_RIPSAW,LU_MARK_DOWN,UPDATE_USER,TEXT
DW_RIPSAW,LU_MARK_DOWN,CREATE_DATETIME,TIMESTAMP_NTZ
DW_RIPSAW,LU_MARK_DOWN,UPDATE_DATETIME,TIMESTAMP_NTZ
DW_RIPSAW,LU_ORDLINE_DISC_CODES,COMPANY_CODE,NUMBER
DW_RIPSAW,LU_ORDLINE_DISC_CODES,ORD_LINE_DISCOUNT_PCNT,NUMBER
DW_RIPSAW,LU_ORDLINE_DISC_CODES,ORD_LINE_DISCOUNT_CODE,TEXT
DW_RIPSAW,LU_REGION,CUST_COMPANY_CODE,NUMBER
DW_RIPSAW,LU_REGION,ACTIVE_REGION_IND,TEXT
DW_RIPSAW,LU_REGION,CREATE_USER,TEXT
DW_RIPSAW,LU_REGION,REGION_CODE,TEXT
DW_RIPSAW,LU_REGION,REGION_NAME,TEXT
DW_RIPSAW,LU_REGION,SALES_MANAGER_CODE,TEXT
DW_RIPSAW,LU_REGION,UPDATE_USER,TEXT
DW_RIPSAW,LU_REGION,CREATE_DATE,TIMESTAMP_NTZ
DW_RIPSAW,LU_REGION,UPDATE_DATE,TIMESTAMP_NTZ
DW_RIPSAW,LU_RETURN_REASON,RET_COMPANY_CODE,NUMBER
DW_RIPSAW,LU_RETURN_REASON,RET_REASON_CODE,TEXT
DW_RIPSAW,LU_RETURN_REASON,RET_REASON_DESC,TEXT
DW_RIPSAW,LU_SALESPERSON,CUST_COMPANY_CODE,NUMBER
DW_RIPSAW,LU_SALESPERSON,ACTIVE_SLSPERSON_IND,TEXT
DW_RIPSAW,LU_SALESPERSON,ADDRESS_LINE_1,TEXT
DW_RIPSAW,LU_SALESPERSON,ADDRESS_LINE_2,TEXT
DW_RIPSAW,LU_SALESPERSON,CITY,TEXT
DW_RIPSAW,LU_SALESPERSON,COMMISSION_CODE,TEXT
DW_RIPSAW,LU_SALESPERSON,COUNTRY_CODE,TEXT
DW_RIPSAW,LU_SALESPERSON,EMAIL_ADDRESS,TEXT
DW_RIPSAW,LU_SALESPERSON,FAX_NUM,TEXT
DW_RIPSAW,LU_SALESPERSON,PHONE_NUM,TEXT
DW_RIPSAW,LU_SALESPERSON,SALESPERSON_CODE,TEXT
DW_RIPSAW,LU_SALESPERSON,SALESPERSON_NAME,TEXT
DW_RIPSAW,LU_SALESPERSON,SALESPERSON_TYPE,TEXT
DW_RIPSAW,LU_SALESPERSON,STATE_CODE,TEXT
DW_RIPSAW,LU_SALESPERSON,ZIPCODE,TEXT
DW_RIPSAW,LU_SALESPERSON,HIRE_DATE,TIMESTAMP_NTZ
DW_RIPSAW,LU_SALESPERSON,TERMINATION_DATE,TIMESTAMP_NTZ
DW_RIPSAW,LU_SKD_CALENDAR,CREATE_DATE,DATE
DW_RIPSAW,LU_SKD_CALENDAR,END_DATE,DATE
DW_RIPSAW,LU_SKD_CALENDAR,START_DATE,DATE
DW_RIPSAW,LU_SKD_CALENDAR,UPDATE_DATE,DATE
DW_RIPSAW,LU_SKD_CALENDAR,DIST_CALENDARID,NUMBER
DW_RIPSAW,LU_SKD_CALENDAR,CALENDAR_TYPE,TEXT
DW_RIPSAW,LU_SKD_CALENDAR,CREATE_USER_INIT,TEXT
DW_RIPSAW,LU_SKD_CALENDAR,PERIOD_MONTH,TEXT
DW_RIPSAW,LU_SKD_CALENDAR,PERIOD_WEEK,TEXT
DW_RIPSAW,LU_SKD_CALENDAR,PERIOD_YEAR,TEXT
DW_RIPSAW,LU_SKD_CALENDAR,PERIOD_YR_MTH_WK,TEXT
DW_RIPSAW,LU_SKD_CALENDAR,UPDATE_USER_INIT,TEXT
DW_RIPSAW,LU_SKD_DESIGN_TYPES,CREATE_DATE,DATE
DW_RIPSAW,LU_SKD_DESIGN_TYPES,UPDATE_DATE,DATE
DW_RIPSAW,LU_SKD_DESIGN_TYPES,DIST_DESIGN_TYPE_ID,NUMBER
DW_RIPSAW,LU_SKD_DESIGN_TYPES,CREATE_USER_INIT,TEXT
DW_RIPSAW,LU_SKD_DESIGN_TYPES,DESCRIPTION,TEXT
DW_RIPSAW,LU_SKD_DESIGN_TYPES,DESIGN_TYPE,TEXT
DW_RIPSAW,LU_SKD_DESIGN_TYPES,UPDATE_USER_INIT,TEXT
DW_RIPSAW,LU_SKD_LOC_CAPACITY_D,CREATE_DATE,DATE
DW_RIPSAW,LU_SKD_LOC_CAPACITY_D,UPDATE_DATE,DATE
DW_RIPSAW,LU_SKD_LOC_CAPACITY_D,DIST_LOC_CAPACITY_D_ID,NUMBER
DW_RIPSAW,LU_SKD_LOC_CAPACITY_D,DIST_LOC_H_ID,NUMBER
DW_RIPSAW,LU_SKD_LOC_CAPACITY_D,SKU_COUNT,NUMBER
DW_RIPSAW,LU_SKD_LOC_CAPACITY_D,UNIT_COUNT,NUMBER
DW_RIPSAW,LU_SKD_LOC_CAPACITY_D,CREATE_USER_INIT,TEXT
DW_RIPSAW,LU_SKD_LOC_CAPACITY_D,PRODUCT_LINE,TEXT
DW_RIPSAW,LU_SKD_LOC_CAPACITY_D,UPDATE_USER_INIT,TEXT
DW_RIPSAW,LU_SKD_LOC_H,APPROVAL_DATE,DATE
DW_RIPSAW,LU_SKD_LOC_H,APPROVAL_UPDATE_DATE,DATE
DW_RIPSAW,LU_SKD_LOC_H,ASSORT_RECEIVED_DATE,DATE
DW_RIPSAW,LU_SKD_LOC_H,ASSORT_REVIEWED_DATE,DATE
DW_RIPSAW,LU_SKD_LOC_H,CONFIRM_FIXTURE_ORDER_DATE,DATE
DW_RIPSAW,LU_SKD_LOC_H,CREATE_DATE,DATE
DW_RIPSAW,LU_SKD_LOC_H,FLOOR_PLAN_REVIEWED_DATE,DATE
DW_RIPSAW,LU_SKD_LOC_H,IMAGES_REVIEWED_DATE,DATE
DW_RIPSAW,LU_SKD_LOC_H,LAYOUT_FINALIZED_DATE,DATE
DW_RIPSAW,LU_SKD_LOC_H,LAYOUT_RECEIVED_DATE,DATE
DW_RIPSAW,LU_SKD_LOC_H,MERCH_REVIEWED_DATE,DATE
DW_RIPSAW,LU_SKD_LOC_H,POP_ORDERED_DATE,DATE
DW_RIPSAW,LU_SKD_LOC_H,POP_SHIPPED_BY_DIST_DATE,DATE
DW_RIPSAW,LU_SKD_LOC_H,REVIEW_30_DATE,DATE
DW_RIPSAW,LU_SKD_LOC_H,REVIEW_60_DATE,DATE
DW_RIPSAW,LU_SKD_LOC_H,REVIEW_COMPLETE_DATE,DATE
DW_RIPSAW,LU_SKD_LOC_H,SAF_UPDATE_DATE,DATE
DW_RIPSAW,LU_SKD_LOC_H,UPDATE_DATE,DATE
DW_RIPSAW,LU_SKD_LOC_H,ASSORT_RECEIVED,NUMBER
DW_RIPSAW,LU_SKD_LOC_H,ASSORT_REVIEWED,NUMBER
DW_RIPSAW,LU_SKD_LOC_H,CONFIRM_FIXTURE_ORDER,NUMBER
DW_RIPSAW,LU_SKD_LOC_H,DIST_LOCHID,NUMBER
DW_RIPSAW,LU_SKD_LOC_H,EST_SALES_USD,NUMBER
DW_RIPSAW,LU_SKD_LOC_H,FITTING_ROOM,NUMBER
DW_RIPSAW,LU_SKD_LOC_H,FLOOR_PLAN_REVIEWED,NUMBER
DW_RIPSAW,LU_SKD_LOC_H,IMAGES_REVIEWED,NUMBER
DW_RIPSAW,LU_SKD_LOC_H,LAYOUT_FINALIZED,NUMBER
DW_RIPSAW,LU_SKD_LOC_H,LAYOUT_RECEIVED,NUMBER
DW_RIPSAW,LU_SKD_LOC_H,MERCH_REVIEWED,NUMBER
DW_RIPSAW,LU_SKD_LOC_H,MONTHLY_RENT_USD,NUMBER
DW_RIPSAW,LU_SKD_LOC_H,NEED_SKX_FIXTURE,NUMBER
DW_RIPSAW,LU_SKD_LOC_H,POP_ORDERED,NUMBER
DW_RIPSAW,LU_SKD_LOC_H,POP_SHIPPED_BY_DIST_,NUMBER
DW_RIPSAW,LU_SKD_LOC_H,REVIEW30,NUMBER
DW_RIPSAW,LU_SKD_LOC_H,REVIEW60,NUMBER
DW_RIPSAW,LU_SKD_LOC_H,REVIEW_COMPLETE,NUMBER
DW_RIPSAW,LU_SKD_LOC_H,SAF_RECEIVED,NUMBER
DW_RIPSAW,LU_SKD_LOC_H,SQ_OTHER,NUMBER
DW_RIPSAW,LU_SKD_LOC_H,SQ_SALES_FLOOR,NUMBER
DW_RIPSAW,LU_SKD_LOC_H,SQ_STORAGE,NUMBER
DW_RIPSAW,LU_SKD_LOC_H,SQ_TOTAL,NUMBER
DW_RIPSAW,LU_SKD_LOC_H,ADDRESS_1,TEXT
DW_RIPSAW,LU_SKD_LOC_H,ADDRESS_2,TEXT
DW_RIPSAW,LU_SKD_LOC_H,AGE_GENDER_PRODUCT_MAP,TEXT
DW_RIPSAW,LU_SKD_LOC_H,APPROVAL_UPDATE_USER_INIT,TEXT
DW_RIPSAW,LU_SKD_LOC_H,ASSORT_RECEIVED_INIT,TEXT
DW_RIPSAW,LU_SKD_LOC_H,ASSORT_REVIEWED_INIT,TEXT
DW_RIPSAW,LU_SKD_LOC_H,BUY_GROUP,TEXT
DW_RIPSAW,LU_SKD_LOC_H,CITY,TEXT
DW_RIPSAW,LU_SKD_LOC_H,CONFIRM_FIXTURE_ORDER_INIT,TEXT
DW_RIPSAW,LU_SKD_LOC_H,COUNTRYPROFILE_DESC,TEXT
DW_RIPSAW,LU_SKD_LOC_H,CREATE_USER_INIT,TEXT
DW_RIPSAW,LU_SKD_LOC_H,CUST_LOC_CODE,TEXT
DW_RIPSAW,LU_SKD_LOC_H,CUST_LOC_NAME_1,TEXT
DW_RIPSAW,LU_SKD_LOC_H,CUST_LOC_NAME_2,TEXT
DW_RIPSAW,LU_SKD_LOC_H,DATA_AGGREGATION,TEXT
DW_RIPSAW,LU_SKD_LOC_H,DESIGN_TYPE,TEXT
DW_RIPSAW,LU_SKD_LOC_H,DISCOUNT_TYPE,TEXT
DW_RIPSAW,LU_SKD_LOC_H,DIST_TERRITORY_CODE,TEXT
DW_RIPSAW,LU_SKD_LOC_H,DIST_TYPE,TEXT
DW_RIPSAW,LU_SKD_LOC_H,FLOOR_PLAN_REVIEWED_INIT,TEXT
DW_RIPSAW,LU_SKD_LOC_H,FRANCHISE_NAME,TEXT
DW_RIPSAW,LU_SKD_LOC_H,GARPAC_STORE_NO,TEXT
DW_RIPSAW,LU_SKD_LOC_H,GEO_LOCATION,TEXT
DW_RIPSAW,LU_SKD_LOC_H,IMAGES_REVIEWED_INIT,TEXT
DW_RIPSAW,LU_SKD_LOC_H,LAYOUT_FINALIZED_INIT,TEXT
DW_RIPSAW,LU_SKD_LOC_H,LAYOUT_RECEIVED_INIT,TEXT
DW_RIPSAW,LU_SKD_LOC_H,LOCATION_GROUP,TEXT
DW_RIPSAW,LU_SKD_LOC_H,LOCATION_SUB_TYPE,TEXT
DW_RIPSAW,LU_SKD_LOC_H,LOCATION_TIER,TEXT
DW_RIPSAW,LU_SKD_LOC_H,LOCATION_TYPE,TEXT
DW_RIPSAW,LU_SKD_LOC_H,LOC_COUNTRY_CODE,TEXT
DW_RIPSAW,LU_SKD_LOC_H,MERCHANDISER_NOTES,TEXT
DW_RIPSAW,LU_SKD_LOC_H,MERCH_REVIEWED_INIT,TEXT
DW_RIPSAW,LU_SKD_LOC_H,OWNERSHIP_TYPE,TEXT
DW_RIPSAW,LU_SKD_LOC_H,PHONE,TEXT
DW_RIPSAW,LU_SKD_LOC_H,PLANNER_NOTES,TEXT
DW_RIPSAW,LU_SKD_LOC_H,POP_ORDERED_INIT,TEXT
DW_RIPSAW,LU_SKD_LOC_H,POP_SHIPPED_BY_DIST_INIT,TEXT
DW_RIPSAW,LU_SKD_LOC_H,POST_CODE,TEXT
DW_RIPSAW,LU_SKD_LOC_H,PREFIX_CUST_NUM,TEXT
DW_RIPSAW,LU_SKD_LOC_H,PROJECT_COORDINATOR_NOTES,TEXT
DW_RIPSAW,LU_SKD_LOC_H,REAL_ESTATE_DEV,TEXT
DW_RIPSAW,LU_SKD_LOC_H,RESTOCK_FREQUENCY,TEXT
DW_RIPSAW,LU_SKD_LOC_H,RETAIL_BRAND_CODE,TEXT
DW_RIPSAW,LU_SKD_LOC_H,RETAIL_MGR_NOTES,TEXT
DW_RIPSAW,LU_SKD_LOC_H,RETAIL_SUB_REGION_CODE,TEXT
DW_RIPSAW,LU_SKD_LOC_H,RETAIL_VENUE_DETAIL,TEXT
DW_RIPSAW,LU_SKD_LOC_H,REVIEW_COMPLETE_INIT,TEXT
DW_RIPSAW,LU_SKD_LOC_H,SAF_UPDATE_USER_INIT,TEXT
DW_RIPSAW,LU_SKD_LOC_H,SIZE_TIER,TEXT
DW_RIPSAW,LU_SKD_LOC_H,SKX_LOC_CODE,TEXT
DW_RIPSAW,LU_SKD_LOC_H,SKX_LOC_NAME,TEXT
DW_RIPSAW,LU_SKD_LOC_H,STATE,TEXT
DW_RIPSAW,LU_SKD_LOC_H,STATUS,TEXT
DW_RIPSAW,LU_SKD_LOC_H,UPDATE_USER_INIT,TEXT
DW_RIPSAW,LU_SKD_LOC_H,VOLUME_TIER,TEXT
DW_RIPSAW,LU_SKD_LOC_H,WAREHOUSE_LOC,TEXT
DW_RIPSAW,LU_SKD_LOC_H,WEBSITE,TEXT
DW_RIPSAW,LU_SKD_LOC_H,ZIP,TEXT
DW_RIPSAW,LU_SKD_LOC_H,CLOSE_DATE,TIMESTAMP_NTZ
DW_RIPSAW,LU_SKD_LOC_H,OPEN_DATE,TIMESTAMP_NTZ
DW_RIPSAW,LU_SKD_LOC_PANEL_D,CREATE_DATE,DATE
DW_RIPSAW,LU_SKD_LOC_PANEL_D,UPDATE_DATE,DATE
DW_RIPSAW,LU_SKD_LOC_PANEL_D,CAPACITY,NUMBER
DW_RIPSAW,LU_SKD_LOC_PANEL_D,DIST_LOC_H_ID,NUMBER
DW_RIPSAW,LU_SKD_LOC_PANEL_D,DIST_LOC_PANEL_D_ID,NUMBER
DW_RIPSAW,LU_SKD_LOC_PANEL_D,PANEL_COUNT,NUMBER
DW_RIPSAW,LU_SKD_LOC_PANEL_D,CREATE_USER_INIT,TEXT
DW_RIPSAW,LU_SKD_LOC_PANEL_D,GENDER,TEXT
DW_RIPSAW,LU_SKD_LOC_PANEL_D,PANEL_TYPE,TEXT
DW_RIPSAW,LU_SKD_LOC_PANEL_D,UPDATE_USER_INIT,TEXT
DW_RIPSAW,LU_SKD_OWNERSHIP_TYPES,CREATE_DATE,DATE
DW_RIPSAW,LU_SKD_OWNERSHIP_TYPES,UPDATE_DATE,DATE
DW_RIPSAW,LU_SKD_OWNERSHIP_TYPES,DIST_OWNERSHIP_TYPEID,NUMBER
DW_RIPSAW,LU_SKD_OWNERSHIP_TYPES,CREATE_USER_INIT,TEXT
DW_RIPSAW,LU_SKD_OWNERSHIP_TYPES,DESCRIPTION,TEXT
DW_RIPSAW,LU_SKD_OWNERSHIP_TYPES,OWNERSHIP_TYPE,TEXT
DW_RIPSAW,LU_SKD_OWNERSHIP_TYPES,UPDATE_USER_INIT,TEXT
DW_RIPSAW,LU_SKD_PANEL_TYPES,CREATE_DATE,DATE
DW_RIPSAW,LU_SKD_PANEL_TYPES,UPDATE_DATE,DATE
DW_RIPSAW,LU_SKD_PANEL_TYPES,DIST_PANEL_TYPEID,NUMBER
DW_RIPSAW,LU_SKD_PANEL_TYPES,CREATE_USER_INIT,TEXT
DW_RIPSAW,LU_SKD_PANEL_TYPES,DESCRIPTION,TEXT
DW_RIPSAW,LU_SKD_PANEL_TYPES,PANEL_TYPE,TEXT
DW_RIPSAW,LU_SKD_PANEL_TYPES,UPDATE_USER_INIT,TEXT
DW_RIPSAW,LU_SKD_STATUS_TYPES,CREATE_DATE,DATE
DW_RIPSAW,LU_SKD_STATUS_TYPES,UPDATE_DATE,DATE
DW_RIPSAW,LU_SKD_STATUS_TYPES,DIST_STATUS_TYPEID,NUMBER
DW_RIPSAW,LU_SKD_STATUS_TYPES,CREATE_USER_INIT,TEXT
DW_RIPSAW,LU_SKD_STATUS_TYPES,DESCRIPTION,TEXT
DW_RIPSAW,LU_SKD_STATUS_TYPES,STATUS_TYPE,TEXT
DW_RIPSAW,LU_SKD_STATUS_TYPES,UPDATE_USER_INIT,TEXT
DW_RIPSAW,LU_SKD_TERRITORIES,CREATE_DATE,DATE
DW_RIPSAW,LU_SKD_TERRITORIES,UPDATE_DATE,DATE
DW_RIPSAW,LU_SKD_TERRITORIES,DIST_TERRITORY_ID,NUMBER
DW_RIPSAW,LU_SKD_TERRITORIES,CALENDAR_TYPE,TEXT
DW_RIPSAW,LU_SKD_TERRITORIES,CREATE_USER_INIT,TEXT
DW_RIPSAW,LU_SKD_TERRITORIES,DIST_DESC,TEXT
DW_RIPSAW,LU_SKD_TERRITORIES,DIST_TERRITORY_CODE,TEXT
DW_RIPSAW,LU_SKD_TERRITORIES,TERRITORY_CODE,TEXT
DW_RIPSAW,LU_SKD_TERRITORIES,UPDATE_USER_INIT,TEXT
DW_RIPSAW,LU_SKD_TRAN_TYPES,CREATE_DATE,DATE
DW_RIPSAW,LU_SKD_TRAN_TYPES,UPDATE_DATE,DATE
DW_RIPSAW,LU_SKD_TRAN_TYPES,DIST_TRAN_TYPE_ID,NUMBER
DW_RIPSAW,LU_SKD_TRAN_TYPES,CREATE_USER_INIT,TEXT
DW_RIPSAW,LU_SKD_TRAN_TYPES,DESCRIPTION,TEXT
DW_RIPSAW,LU_SKD_TRAN_TYPES,TRAN_TYPE,TEXT
DW_RIPSAW,LU_SKD_TRAN_TYPES,UPDATE_USER_INIT,TEXT
DW_RIPSAW,LU_SKD_TYPES,CREATE_DATE,DATE
DW_RIPSAW,LU_SKD_TYPES,UPDATE_DATE,DATE
DW_RIPSAW,LU_SKD_TYPES,DIST_TYPE_ID,NUMBER
DW_RIPSAW,LU_SKD_TYPES,CREATE_USER_INIT,TEXT
DW_RIPSAW,LU_SKD_TYPES,DESCRIPTION,TEXT
DW_RIPSAW,LU_SKD_TYPES,DIST_TYPE,TEXT
DW_RIPSAW,LU_SKD_TYPES,UPDATE_USER_INIT,TEXT
DW_RIPSAW,LU_SKR_RTXCUSTR,CUST_CREATE_DATE,DATE
DW_RIPSAW,LU_SKR_RTXCUSTR,CUST_CALL_ALLOC,NUMBER
DW_RIPSAW,LU_SKR_RTXCUSTR,CUST_COMPANY_CODE,NUMBER
DW_RIPSAW,LU_SKR_RTXCUSTR,CUST_RANK_NUM,NUMBER
DW_RIPSAW,LU_SKR_RTXCUSTR,CUST_SHIPOMENT_LEAD,NUMBER
DW_RIPSAW,LU_SKR_RTXCUSTR,ACCT_TYPE_CD,TEXT
DW_RIPSAW,LU_SKR_RTXCUSTR,ALT_CUST_NAME,TEXT
DW_RIPSAW,LU_SKR_RTXCUSTR,CURRENCY_CODE,TEXT
DW_RIPSAW,LU_SKR_RTXCUSTR,CUST_ABBV,TEXT
DW_RIPSAW,LU_SKR_RTXCUSTR,CUST_ACTIVE_IND,TEXT
DW_RIPSAW,LU_SKR_RTXCUSTR,CUST_ADDRESS_LINE1,TEXT
DW_RIPSAW,LU_SKR_RTXCUSTR,CUST_ADDRESS_LINE2,TEXT
DW_RIPSAW,LU_SKR_RTXCUSTR,CUST_ADDRESS_LINE3,TEXT
DW_RIPSAW,LU_SKR_RTXCUSTR,CUST_BUYER_CODE,TEXT
DW_RIPSAW,LU_SKR_RTXCUSTR,CUST_BUYER_REF,TEXT
DW_RIPSAW,LU_SKR_RTXCUSTR,CUST_CITY,TEXT
DW_RIPSAW,LU_SKR_RTXCUSTR,CUST_CLASS_CODE,TEXT
DW_RIPSAW,LU_SKR_RTXCUSTR,CUST_CODE,TEXT
DW_RIPSAW,LU_SKR_RTXCUSTR,CUST_CONSOL_IND,TEXT
DW_RIPSAW,LU_SKR_RTXCUSTR,CUST_CONTACT_NAME,TEXT
DW_RIPSAW,LU_SKR_RTXCUSTR,CUST_COUNTRY_CODE,TEXT
DW_RIPSAW,LU_SKR_RTXCUSTR,CUST_DUPLICATE_IND,TEXT
DW_RIPSAW,LU_SKR_RTXCUSTR,CUST_EMAIL,TEXT
DW_RIPSAW,LU_SKR_RTXCUSTR,CUST_FAX_CNTRY_CODE,TEXT
DW_RIPSAW,LU_SKR_RTXCUSTR,CUST_FAX_EXT,TEXT
DW_RIPSAW,LU_SKR_RTXCUSTR,CUST_FAX_NUM,TEXT
DW_RIPSAW,LU_SKR_RTXCUSTR,CUST_FRGT_IND,TEXT
DW_RIPSAW,LU_SKR_RTXCUSTR,CUST_GL_NUM,TEXT
DW_RIPSAW,LU_SKR_RTXCUSTR,CUST_HOLD_CODE,TEXT
DW_RIPSAW,LU_SKR_RTXCUSTR,CUST_LOCATION,TEXT
DW_RIPSAW,LU_SKR_RTXCUSTR,CUST_MANIFEST_CODE,TEXT
DW_RIPSAW,LU_SKR_RTXCUSTR,CUST_NAME,TEXT
DW_RIPSAW,LU_SKR_RTXCUSTR,CUST_OLD_ACCT,TEXT
DW_RIPSAW,LU_SKR_RTXCUSTR,CUST_PACK_HOLD_IND,TEXT
DW_RIPSAW,LU_SKR_RTXCUSTR,CUST_PHONE_CNTRY_CODE,TEXT
DW_RIPSAW,LU_SKR_RTXCUSTR,CUST_PHONE_EXT,TEXT
DW_RIPSAW,LU_SKR_RTXCUSTR,CUST_PHONE_NUM,TEXT
DW_RIPSAW,LU_SKR_RTXCUSTR,CUST_POSTAL_CODE,TEXT
DW_RIPSAW,LU_SKR_RTXCUSTR,CUST_RESELL_CERT,TEXT
DW_RIPSAW,LU_SKR_RTXCUSTR,CUST_RETAIL_IND,TEXT
DW_RIPSAW,LU_SKR_RTXCUSTR,CUST_SEGMENT_CODE,TEXT
DW_RIPSAW,LU_SKR_RTXCUSTR,CUST_SORT,TEXT
DW_RIPSAW,LU_SKR_RTXCUSTR,CUST_STATE_PROV_CODE,TEXT
DW_RIPSAW,LU_SKR_RTXCUSTR,CUST_TAX_IND,TEXT
DW_RIPSAW,LU_SKR_RTXCUSTR,CUST_TIER_CODE,TEXT
DW_RIPSAW,LU_SKR_RTXCUSTR,CUST_TYPE_CODE,TEXT
DW_RIPSAW,LU_SKR_RTXCUSTR,CUST_USE_DEPT_IND,TEXT
DW_RIPSAW,LU_SKR_RTXCUSTR,CUST_USE_PO_IND,TEXT
DW_RIPSAW,LU_SKR_RTXCUSTR,DBA_NAME,TEXT
DW_RIPSAW,LU_SKR_RTXCUSTR,FACTOR_CODE,TEXT
DW_RIPSAW,LU_SKR_RTXCUSTR,FACTOR_IND,TEXT
DW_RIPSAW,LU_SKR_RTXCUSTR,ICI_TERR_CODE,TEXT
DW_RIPSAW,LU_SKR_RTXCUSTR,LANGUAGE_CODE,TEXT
DW_RIPSAW,LU_SKR_RTXCUSTR,PARENT_CUST_CODE,TEXT
DW_RIPSAW,LU_SKR_RTXCUSTR,REGION_CODE,TEXT
DW_RIPSAW,LU_SKR_RTXCUSTR,SKX_RETAIL_CUST_FLAG,TEXT
DW_RIPSAW,LU_SKR_RTXCUSTR,SUB_OFFICE_CODE,TEXT
DW_RIPSAW,LU_SKR_RTXCUSTR,TERRITORY_CODE,TEXT
DW_RIPSAW,LU_SKR_RTXCUSTR,VAT_NUM,TEXT
DW_RIPSAW,LU_SKX_COMM_TERMS,COMM_TERMS_RATE,NUMBER
DW_RIPSAW,LU_SKX_COMM_TERMS,CUST_COMPANY_CODE,NUMBER
DW_RIPSAW,LU_SKX_COMM_TERMS,EOM_CUTOFF,NUMBER
DW_RIPSAW,LU_SKX_COMM_TERMS,EXTRA_DAYS,NUMBER
DW_RIPSAW,LU_SKX_COMM_TERMS,COMM_TERMS_CODE,TEXT
DW_RIPSAW,LU_SKX_COMM_TERMS,COMM_TERMS_DESC,TEXT
DW_RIPSAW,LU_SKX_COMM_TERMS,COMM_TERMS_TYPE,TEXT
DW_RIPSAW,LU_SKX_COMM_TERMS,COMM_TERM_LANG,TEXT
DW_RIPSAW,LU_SKX_COMM_TERMS,SUB_OFFICE_CODE,TEXT
DW_RIPSAW,LU_SKX_CUST_CHARGE,END_DATE,DATE
DW_RIPSAW,LU_SKX_CUST_CHARGE,START_DATE,DATE
DW_RIPSAW,LU_SKX_CUST_CHARGE,CALC_VALUE,NUMBER
DW_RIPSAW,LU_SKX_CUST_CHARGE,CHARGE_SEQ,NUMBER
DW_RIPSAW,LU_SKX_CUST_CHARGE,CUST_COMPANY_CODE,NUMBER
DW_RIPSAW,LU_SKX_CUST_CHARGE,LOWER_BOUND,NUMBER
DW_RIPSAW,LU_SKX_CUST_CHARGE,RATE,NUMBER
DW_RIPSAW,LU_SKX_CUST_CHARGE,UPPER_BOUND,NUMBER
DW_RIPSAW,LU_SKX_CUST_CHARGE,ACTIVE_OK,TEXT
DW_RIPSAW,LU_SKX_CUST_CHARGE,CALC_BASIS,TEXT
DW_RIPSAW,LU_SKX_CUST_CHARGE,CALC_CODE,TEXT
DW_RIPSAW,LU_SKX_CUST_CHARGE,CALC_TYPE,TEXT
DW_RIPSAW,LU_SKX_CUST_CHARGE,CHARGE_CODE,TEXT
DW_RIPSAW,LU_SKX_CUST_CHARGE,CHARGE_DESC,TEXT
DW_RIPSAW,LU_SKX_CUST_CHARGE,CHARGE_SHORT_DESC,TEXT
DW_RIPSAW,LU_SKX_CUST_CHARGE,CNTY_CHARGE,TEXT
DW_RIPSAW,LU_SKX_CUST_CHARGE,COUNTRY_FROM,TEXT
DW_RIPSAW,LU_SKX_CUST_CHARGE,COUNTRY_TO,TEXT
DW_RIPSAW,LU_SKX_CUST_CHARGE,DEFAULT_OK,TEXT
DW_RIPSAW,LU_SKX_CUST_CHARGE,EQUATION,TEXT
DW_RIPSAW,LU_SKX_CUST_CHARGE,GROUP_CODE,TEXT
DW_RIPSAW,LU_SKX_CUST_CHARGE,HS_NUM,TEXT
DW_RIPSAW,LU_SKX_CUST_CHARGE,PRINT_OK,TEXT
DW_RIPSAW,LU_SKX_CUST_CHARGE,SGROUP_CODE,TEXT
DW_RIPSAW,LU_SKX_CUST_CHARGE,SIZE_EXEMPT,TEXT
DW_RIPSAW,LU_SKX_CUST_CHARGE,STATE_FROM,TEXT
DW_RIPSAW,LU_SKX_CUST_CHARGE,STATE_TO,TEXT
DW_RIPSAW,LU_SKX_CUST_CHARGE,TAX_TYPE,TEXT
DW_RIPSAW,LU_SKX_CUST_CHARGE,TOTAL_BASIS,TEXT
DW_RIPSAW,LU_STORE,STORE_CREATE_DATE,DATE
DW_RIPSAW,LU_STORE,CUST_COMPANY_CODE,NUMBER
DW_RIPSAW,LU_STORE,BILL_CODE,TEXT
DW_RIPSAW,LU_STORE,CENTER_CODE,TEXT
DW_RIPSAW,LU_STORE,CONSOL_CODE,TEXT
DW_RIPSAW,LU_STORE,CUST_ABBV,TEXT
DW_RIPSAW,LU_STORE,CUST_CODE,TEXT
DW_RIPSAW,LU_STORE,CUST_TYPE_CODE,TEXT
DW_RIPSAW,LU_STORE,DBA_NAME,TEXT
DW_RIPSAW,LU_STORE,OLD_ACCT,TEXT
DW_RIPSAW,LU_STORE,SHIP_DC,TEXT
DW_RIPSAW,LU_STORE,STORE_ACTIVE_IND,TEXT
DW_RIPSAW,LU_STORE,STORE_ADDRESS_LINE1,TEXT
DW_RIPSAW,LU_STORE,STORE_ADDRESS_LINE2,TEXT
DW_RIPSAW,LU_STORE,STORE_ADDRESS_LINE3,TEXT
DW_RIPSAW,LU_STORE,STORE_CITY,TEXT
DW_RIPSAW,LU_STORE,STORE_CODE,TEXT
DW_RIPSAW,LU_STORE,STORE_CONTACT_NAME,TEXT
DW_RIPSAW,LU_STORE,STORE_COUNTRY_CODE,TEXT
DW_RIPSAW,LU_STORE,STORE_FAX_CNTRY_CODE,TEXT
DW_RIPSAW,LU_STORE,STORE_FAX_EXT,TEXT
DW_RIPSAW,LU_STORE,STORE_FAX_NUM,TEXT
DW_RIPSAW,LU_STORE,STORE_NAME,TEXT
DW_RIPSAW,LU_STORE,STORE_PHONE_CNTRY_CODE,TEXT
DW_RIPSAW,LU_STORE,STORE_PHONE_EXT,TEXT
DW_RIPSAW,LU_STORE,STORE_PHONE_NUM,TEXT
DW_RIPSAW,LU_STORE,STORE_POSTAL_CODE,TEXT
DW_RIPSAW,LU_STORE,STORE_STATE_PROV_CODE,TEXT
DW_RIPSAW,LU_STORE,STORE_TYPE,TEXT
DW_RIPSAW,LU_STYCOL_AUDIT,CREATE_DATETIME,DATE
DW_RIPSAW,LU_STYCOL_AUDIT,UPDATE_DATETIME,DATE
DW_RIPSAW,LU_STYCOL_AUDIT,A_PRICE,NUMBER
DW_RIPSAW,LU_STYCOL_AUDIT,B_PRICE,NUMBER
DW_RIPSAW,LU_STYCOL_AUDIT,COMPANY_CODE_TDM,NUMBER
DW_RIPSAW,LU_STYCOL_AUDIT,C_PRICE,NUMBER
DW_RIPSAW,LU_STYCOL_AUDIT,D_PRICE,NUMBER
DW_RIPSAW,LU_STYCOL_AUDIT,E_PRICE,NUMBER
DW_RIPSAW,LU_STYCOL_AUDIT,INR_QTY,NUMBER
DW_RIPSAW,LU_STYCOL_AUDIT,INR_WGT,NUMBER
DW_RIPSAW,LU_STYCOL_AUDIT,MST_QTY,NUMBER
DW_RIPSAW,LU_STYCOL_AUDIT,MST_WGT,NUMBER
DW_RIPSAW,LU_STYCOL_AUDIT,RUN01,NUMBER
DW_RIPSAW,LU_STYCOL_AUDIT,RUN02,NUMBER
DW_RIPSAW,LU_STYCOL_AUDIT,RUN03,NUMBER
DW_RIPSAW,LU_STYCOL_AUDIT,RUN04,NUMBER
DW_RIPSAW,LU_STYCOL_AUDIT,RUN05,NUMBER
DW_RIPSAW,LU_STYCOL_AUDIT,RUN06,NUMBER
DW_RIPSAW,LU_STYCOL_AUDIT,RUN07,NUMBER
DW_RIPSAW,LU_STYCOL_AUDIT,RUN08,NUMBER
DW_RIPSAW,LU_STYCOL_AUDIT,RUN09,NUMBER
DW_RIPSAW,LU_STYCOL_AUDIT,RUN10,NUMBER
DW_RIPSAW,LU_STYCOL_AUDIT,RUN11,NUMBER
DW_RIPSAW,LU_STYCOL_AUDIT,RUN12,NUMBER
DW_RIPSAW,LU_STYCOL_AUDIT,RUN13,NUMBER
DW_RIPSAW,LU_STYCOL_AUDIT,RUN14,NUMBER
DW_RIPSAW,LU_STYCOL_AUDIT,RUN15,NUMBER
DW_RIPSAW,LU_STYCOL_AUDIT,RUN16,NUMBER
DW_RIPSAW,LU_STYCOL_AUDIT,RUN17,NUMBER
DW_RIPSAW,LU_STYCOL_AUDIT,RUN18,NUMBER
DW_RIPSAW,LU_STYCOL_AUDIT,RUN19,NUMBER
DW_RIPSAW,LU_STYCOL_AUDIT,RUN20,NUMBER
DW_RIPSAW,LU_STYCOL_AUDIT,RUN21,NUMBER
DW_RIPSAW,LU_STYCOL_AUDIT,ACTION_CODE,TEXT
DW_RIPSAW,LU_STYCOL_AUDIT,ACTIVE_OK,TEXT
DW_RIPSAW,LU_STYCOL_AUDIT,CALL_RSN,TEXT
DW_RIPSAW,LU_STYCOL_AUDIT,COLOR_CODE,TEXT
DW_RIPSAW,LU_STYCOL_AUDIT,CREATE_USER,TEXT
DW_RIPSAW,LU_STYCOL_AUDIT,DC_OK,TEXT
DW_RIPSAW,LU_STYCOL_AUDIT,DIVISION,TEXT
DW_RIPSAW,LU_STYCOL_AUDIT,HS_NUM,TEXT
DW_RIPSAW,LU_STYCOL_AUDIT,INTL_DIV,TEXT
DW_RIPSAW,LU_STYCOL_AUDIT,LBL_CODE,TEXT
DW_RIPSAW,LU_STYCOL_AUDIT,LOCATION,TEXT
DW_RIPSAW,LU_STYCOL_AUDIT,LOT,TEXT
DW_RIPSAW,LU_STYCOL_AUDIT,MATERIAL,TEXT
DW_RIPSAW,LU_STYCOL_AUDIT,RESHIP_PACK,TEXT
DW_RIPSAW,LU_STYCOL_AUDIT,ROYALTY,TEXT
DW_RIPSAW,LU_STYCOL_AUDIT,ROY_CLS,TEXT
DW_RIPSAW,LU_STYCOL_AUDIT,SEASON,TEXT
DW_RIPSAW,LU_STYCOL_AUDIT,SIZES,TEXT
DW_RIPSAW,LU_STYCOL_AUDIT,STYLE,TEXT
DW_RIPSAW,LU_STYCOL_AUDIT,UPC_OK,TEXT
DW_RIPSAW,LU_STYCOL_AUDIT,UPDATE_USER,TEXT
DW_RIPSAW,LU_STYCOL_AUDIT,UPDT_RUN,TEXT
DW_RIPSAW,LU_STYLE_COLOR,A_PRICE,NUMBER
DW_RIPSAW,LU_STYLE_COLOR,STD_COST,NUMBER
DW_RIPSAW,LU_STYLE_COLOR,STYLE_COMPANY_CODE,NUMBER
DW_RIPSAW,LU_STYLE_COLOR,STYLE_DIM_KEY,NUMBER
DW_RIPSAW,LU_STYLE_COLOR,ACTIVE_GENDER_CODE,TEXT
DW_RIPSAW,LU_STYLE_COLOR,AGE_GROUP_CODE,TEXT
DW_RIPSAW,LU_STYLE_COLOR,AGE_GROUP_NAME,TEXT
DW_RIPSAW,LU_STYLE_COLOR,CALL_RSN,TEXT
DW_RIPSAW,LU_STYLE_COLOR,CLOSURE_TYPE_CODE,TEXT
DW_RIPSAW,LU_STYLE_COLOR,CLOSURE_TYPE_NAME,TEXT
DW_RIPSAW,LU_STYLE_COLOR,COLOR_CODE,TEXT
DW_RIPSAW,LU_STYLE_COLOR,CUR_DIV_CODE,TEXT
DW_RIPSAW,LU_STYLE_COLOR,DATA_SOURCE,TEXT
DW_RIPSAW,LU_STYLE_COLOR,DIV_CODE,TEXT
DW_RIPSAW,LU_STYLE_COLOR,GENDER_CODE,TEXT
DW_RIPSAW,LU_STYLE_COLOR,GL_DIV_CODE,TEXT
DW_RIPSAW,LU_STYLE_COLOR,GROUP_CODE_A,TEXT
DW_RIPSAW,LU_STYLE_COLOR,GROUP_CODE_B,TEXT
DW_RIPSAW,LU_STYLE_COLOR,GROUP_CODE_C,TEXT
DW_RIPSAW,LU_STYLE_COLOR,GROUP_CODE_D,TEXT
DW_RIPSAW,LU_STYLE_COLOR,HEEL_TYPE_CODE,TEXT
DW_RIPSAW,LU_STYLE_COLOR,HEEL_TYPE_NAME,TEXT
DW_RIPSAW,LU_STYLE_COLOR,INSOLE_TYPE_CODE,TEXT
DW_RIPSAW,LU_STYLE_COLOR,INSOLE_TYPE_NAME,TEXT
DW_RIPSAW,LU_STYLE_COLOR,LACE_TYPE_CODE,TEXT
DW_RIPSAW,LU_STYLE_COLOR,LACE_TYPE_NAME,TEXT
DW_RIPSAW,LU_STYLE_COLOR,MATERIAL_NAME,TEXT
DW_RIPSAW,LU_STYLE_COLOR,MOLD_NUM,TEXT
DW_RIPSAW,LU_STYLE_COLOR,REP_CODE,TEXT
DW_RIPSAW,LU_STYLE_COLOR,ROYALTY_CLASS_CODE,TEXT
DW_RIPSAW,LU_STYLE_COLOR,ROYALTY_CODE,TEXT
DW_RIPSAW,LU_STYLE_COLOR,SEASON_CODE,TEXT
DW_RIPSAW,LU_STYLE_COLOR,SHOE_CLASS_CODE,TEXT
DW_RIPSAW,LU_STYLE_COLOR,SHOE_CLASS_NAME,TEXT
DW_RIPSAW,LU_STYLE_COLOR,SIZES,TEXT
DW_RIPSAW,LU_STYLE_COLOR,SIZE_IND,TEXT
DW_RIPSAW,LU_STYLE_COLOR,SIZE_RUN_CODE,TEXT
DW_RIPSAW,LU_STYLE_COLOR,SOLE_TYPE_CODE,TEXT
DW_RIPSAW,LU_STYLE_COLOR,SOLE_TYPE_NAME,TEXT
DW_RIPSAW,LU_STYLE_COLOR,STYLE_ABBR,TEXT
DW_RIPSAW,LU_STYLE_COLOR,STYLE_CODE,TEXT
DW_RIPSAW,LU_STYLE_COLOR,STYLE_COLOR_ACTIVE_IND,TEXT
DW_RIPSAW,LU_STYLE_COLOR,STYLE_DESC,TEXT
DW_RIPSAW,LU_STYLE_COLOR,STYLE_GROUP,TEXT
DW_RIPSAW,LU_STYLE_COLOR,STYLE_GROUP_NAME,TEXT
DW_RIPSAW,LU_STYLE_COLOR,STYLE_NAME,TEXT
DW_RIPSAW,LU_STYLE_COLOR,TOE_TYPE_CODE,TEXT
DW_RIPSAW,LU_STYLE_COLOR,TOE_TYPE_NAME,TEXT
DW_RIPSAW,LU_STYLE_COLOR,UPPER_TYPE_CODE,TEXT
DW_RIPSAW,LU_STYLE_COLOR,UPPER_TYPE_NAME,TEXT
DW_RIPSAW,LU_STYLE_COLOR_GROUP,STYLE_COMPANY_CODE,NUMBER
DW_RIPSAW,LU_STYLE_COLOR_GROUP,ALT_STYLE_CODE,TEXT
DW_RIPSAW,LU_STYLE_COLOR_GROUP,COLOR_CODE,TEXT
DW_RIPSAW,LU_STYLE_COLOR_GROUP,CUSTOMER_DED,TEXT
DW_RIPSAW,LU_STYLE_COLOR_GROUP,DIV_CODE,TEXT
DW_RIPSAW,LU_STYLE_COLOR_GROUP,STYLE_CODE,TEXT
DW_RIPSAW,LU_STYLE_COLOR_GROUP,STYLE_NAME,TEXT
DW_RIPSAW,LU_STYLE_COLOR_GROUP,STYLE_RUN,TEXT
DW_RIPSAW,LU_STYLE_COLOR_GROUP,STYLE_WIDTH,TEXT
DW_RIPSAW,LU_TERRITORY,CREATE_DATE,DATE
DW_RIPSAW,LU_TERRITORY,UPDATE_DATE,DATE
DW_RIPSAW,LU_TERRITORY,CUST_COMPANY_CODE,NUMBER
DW_RIPSAW,LU_TERRITORY,ACTIVE_TERR_IND,TEXT
DW_RIPSAW,LU_TERRITORY,CREATE_USER,TEXT
DW_RIPSAW,LU_TERRITORY,REGION_CODE,TEXT
DW_RIPSAW,LU_TERRITORY,SALESPERSON_CODE,TEXT
DW_RIPSAW,LU_TERRITORY,TERRITORY_CODE,TEXT
DW_RIPSAW,LU_TERRITORY,UPDATE_USER,TEXT
DW_RIPSAW,LU_UPC,UPC_A_PRICE,NUMBER
DW_RIPSAW,LU_UPC,UPC_CASE_HEIGHT,NUMBER
DW_RIPSAW,LU_UPC,UPC_CASE_LENGTH,NUMBER
DW_RIPSAW,LU_UPC,UPC_CASE_WEIGHT,NUMBER
DW_RIPSAW,LU_UPC,UPC_CASE_WIDTH,NUMBER
DW_RIPSAW,LU_UPC,UPC_COMPANY_CODE,NUMBER
DW_RIPSAW,LU_UPC,UPC_DIMENSION_1,NUMBER
DW_RIPSAW,LU_UPC,UPC_DIMENSION_2,NUMBER
DW_RIPSAW,LU_UPC,UPC_DIMENSION_3,NUMBER
DW_RIPSAW,LU_UPC,UPC_PACK_VOLUME,NUMBER
DW_RIPSAW,LU_UPC,UPC_SIZE_POS,NUMBER
DW_RIPSAW,LU_UPC,UPC_WEIGHT,NUMBER
DW_RIPSAW,LU_UPC,UPC_ACTIVE_IND,TEXT
DW_RIPSAW,LU_UPC,UPC_CODE,TEXT
DW_RIPSAW,LU_UPC,UPC_COLOR_CODE,TEXT
DW_RIPSAW,LU_UPC,UPC_COLOR_STATUS,TEXT
DW_RIPSAW,LU_UPC,UPC_DIVISION_CODE,TEXT
DW_RIPSAW,LU_UPC,UPC_LBL_CODE,TEXT
DW_RIPSAW,LU_UPC,UPC_SEASON_CODE,TEXT
DW_RIPSAW,LU_UPC,UPC_SIZE,TEXT
DW_RIPSAW,LU_UPC,UPC_SIZE_ACTIVE_IND,TEXT
DW_RIPSAW,LU_UPC,UPC_SIZE_NUMBER,TEXT
DW_RIPSAW,LU_UPC,UPC_STYLE_CODE,TEXT
DW_RIPSAW,LU_UPC,UPC_STYLE_ID,TEXT
DW_RIPSAW,LU_UPC,UPC_STYLE_STATUS,TEXT
DW_RIPSAW,STG_LU_GLOBAL_TERRITORY,CREATE_DATE,DATE
DW_RIPSAW,STG_LU_GLOBAL_TERRITORY,CUST_COMPANY_CODE,NUMBER
DW_RIPSAW,STG_LU_GLOBAL_TERRITORY,ACTIVE_IND,TEXT
DW_RIPSAW,STG_LU_GLOBAL_TERRITORY,CUST_CODE,TEXT
DW_RIPSAW,STG_LU_GLOBAL_TERRITORY,DIV_CODE,TEXT
DW_RIPSAW,STG_LU_GLOBAL_TERRITORY,MANAGER_CODE,TEXT
DW_RIPSAW,STG_LU_GLOBAL_TERRITORY,SALES_MANAGER_NAME,TEXT
DW_RIPSAW,STG_LU_GLOBAL_TERRITORY,TERRITORY_CODE,TEXT
DW_RIPSAW,STG_LU_GLOBAL_TERRITORY,TERR_SALESPERSON_CODE,TEXT
DW_RIPSAW,STG_SKOBSTGH,APPV_DATE,DATE
DW_RIPSAW,STG_SKOBSTGH,ASOF_DATE,DATE
DW_RIPSAW,STG_SKOBSTGH,END_DATE,DATE
DW_RIPSAW,STG_SKOBSTGH,ENT_DATE,DATE
DW_RIPSAW,STG_SKOBSTGH,ORD_DATE,DATE
DW_RIPSAW,STG_SKOBSTGH,PICK_DATE,DATE
DW_RIPSAW,STG_SKOBSTGH,PRI_DATE,DATE
DW_RIPSAW,STG_SKOBSTGH,SHIP_DATE,DATE
DW_RIPSAW,STG_SKOBSTGH,START_DATE,DATE
DW_RIPSAW,STG_SKOBSTGH,BULK_ORD_NUM,NUMBER
DW_RIPSAW,STG_SKOBSTGH,BULK_REG_NUM,NUMBER
DW_RIPSAW,STG_SKOBSTGH,CARTON,NUMBER
DW_RIPSAW,STG_SKOBSTGH,COMPANY_CODE,NUMBER
DW_RIPSAW,STG_SKOBSTGH,CONSOL_NUM,NUMBER
DW_RIPSAW,STG_SKOBSTGH,DISC_AMT,NUMBER
DW_RIPSAW,STG_SKOBSTGH,DISTRO_ORD_NUM,NUMBER
DW_RIPSAW,STG_SKOBSTGH,DISTRO_REG_NUM,NUMBER
DW_RIPSAW,STG_SKOBSTGH,FRGT_AMT,NUMBER
DW_RIPSAW,STG_SKOBSTGH,INSU_AMT,NUMBER
DW_RIPSAW,STG_SKOBSTGH,INV_NUM,NUMBER
DW_RIPSAW,STG_SKOBSTGH,MANI_NUM,NUMBER
DW_RIPSAW,STG_SKOBSTGH,MISC_AMT,NUMBER
DW_RIPSAW,STG_SKOBSTGH,NUM_DAYS,NUMBER
DW_RIPSAW,STG_SKOBSTGH,ORD_NUM,NUMBER
DW_RIPSAW,STG_SKOBSTGH,ORD_QTY,NUMBER
DW_RIPSAW,STG_SKOBSTGH,PICK_NUM,NUMBER
DW_RIPSAW,STG_SKOBSTGH,REG_NUM,NUMBER
DW_RIPSAW,STG_SKOBSTGH,WEIGHT,NUMBER
DW_RIPSAW,STG_SKOBSTGH,WGT1_LMT,NUMBER
DW_RIPSAW,STG_SKOBSTGH,WGT2_LMT,NUMBER
DW_RIPSAW,STG_SKOBSTGH,ACK_PRN,TEXT
DW_RIPSAW,STG_SKOBSTGH,ADDR_OK,TEXT
DW_RIPSAW,STG_SKOBSTGH,APPV_NUM,TEXT
DW_RIPSAW,STG_SKOBSTGH,BILL_NUM,TEXT
DW_RIPSAW,STG_SKOBSTGH,BULK_CUSTOMER,TEXT
DW_RIPSAW,STG_SKOBSTGH,BULK_STORE,TEXT
DW_RIPSAW,STG_SKOBSTGH,CENTER_CODE,TEXT
DW_RIPSAW,STG_SKOBSTGH,CLAIMS_REP,TEXT
DW_RIPSAW,STG_SKOBSTGH,COMM1,TEXT
DW_RIPSAW,STG_SKOBSTGH,COMM2,TEXT
DW_RIPSAW,STG_SKOBSTGH,CONF_OK,TEXT
DW_RIPSAW,STG_SKOBSTGH,CONSOL_CODE,TEXT
DW_RIPSAW,STG_SKOBSTGH,COOP_AD,TEXT
DW_RIPSAW,STG_SKOBSTGH,CREDIT_REP,TEXT
DW_RIPSAW,STG_SKOBSTGH,CUSTOMER,TEXT
DW_RIPSAW,STG_SKOBSTGH,CUSTOMER_REP,TEXT
DW_RIPSAW,STG_SKOBSTGH,DECL_RSN,TEXT
DW_RIPSAW,STG_SKOBSTGH,DEPARTMENT,TEXT
DW_RIPSAW,STG_SKOBSTGH,DEST_DB,TEXT
DW_RIPSAW,STG_SKOBSTGH,DISCOUNT,TEXT
DW_RIPSAW,STG_SKOBSTGH,DISTRO_BULK_OK,TEXT
DW_RIPSAW,STG_SKOBSTGH,DISTRO_CUSTOMER,TEXT
DW_RIPSAW,STG_SKOBSTGH,DISTRO_STORE,TEXT
DW_RIPSAW,STG_SKOBSTGH,DIVISION,TEXT
DW_RIPSAW,STG_SKOBSTGH,DOC_FROM,TEXT
DW_RIPSAW,STG_SKOBSTGH,ENT_USER,TEXT
DW_RIPSAW,STG_SKOBSTGH,FACTOR,TEXT
DW_RIPSAW,STG_SKOBSTGH,FACTOR_OK,TEXT
DW_RIPSAW,STG_SKOBSTGH,HOLD_CODE,TEXT
DW_RIPSAW,STG_SKOBSTGH,HOLD_RSN,TEXT
DW_RIPSAW,STG_SKOBSTGH,INSTR_CODE,TEXT
DW_RIPSAW,STG_SKOBSTGH,LOCATION,TEXT
DW_RIPSAW,STG_SKOBSTGH,ORD_TYPE,TEXT
DW_RIPSAW,STG_SKOBSTGH,PO_NUM,TEXT
DW_RIPSAW,STG_SKOBSTGH,PRICE_CODE,TEXT
DW_RIPSAW,STG_SKOBSTGH,PRIORITY,TEXT
DW_RIPSAW,STG_SKOBSTGH,PROC_FLAG,TEXT
DW_RIPSAW,STG_SKOBSTGH,PRO_NUM,TEXT
DW_RIPSAW,STG_SKOBSTGH,READY_OK,TEXT
DW_RIPSAW,STG_SKOBSTGH,SEASON,TEXT
DW_RIPSAW,STG_SKOBSTGH,SHIPPER,TEXT
DW_RIPSAW,STG_SKOBSTGH,SHIPPER1,TEXT
DW_RIPSAW,STG_SKOBSTGH,SHIPPER2,TEXT
DW_RIPSAW,STG_SKOBSTGH,SHIPPER3,TEXT
DW_RIPSAW,STG_SKOBSTGH,SHIP_DC,TEXT
DW_RIPSAW,STG_SKOBSTGH,SLSPERSON1,TEXT
DW_RIPSAW,STG_SKOBSTGH,SLSPERSON2,TEXT
DW_RIPSAW,STG_SKOBSTGH,SOURCE,TEXT
DW_RIPSAW,STG_SKOBSTGH,SOURCE_DB,TEXT
DW_RIPSAW,STG_SKOBSTGH,STAGING_TYPE,TEXT
DW_RIPSAW,STG_SKOBSTGH,STORE,TEXT
DW_RIPSAW,STG_SKOBSTGH,TERMS,TEXT
DW_RIPSAW,STG_SKOBSTGH,UNCNF_TYPE,TEXT
DW_RIPSAW,STG_SKOBSTGH,XTRA_DATE,TEXT
DW_RIPSAW,TEMP_FT_CUST_CHARGE,CHARGEABLE_AMT,NUMBER
DW_RIPSAW,TEMP_FT_CUST_CHARGE,CHARGEABLE_AMT_USD,NUMBER
DW_RIPSAW,TEMP_FT_CUST_CHARGE,CHARGE_AMT,NUMBER
DW_RIPSAW,TEMP_FT_CUST_CHARGE,CHARGE_AMT_USD,NUMBER
DW_RIPSAW,TEMP_FT_CUST_CHARGE,CHARGE_SEQ,NUMBER
DW_RIPSAW,TEMP_FT_CUST_CHARGE,CUST_COMPANY_CODE,NUMBER
DW_RIPSAW,TEMP_FT_CUST_CHARGE,DAY_KEY,NUMBER
DW_RIPSAW,TEMP_FT_CUST_CHARGE,DOC_NUM,NUMBER
DW_RIPSAW,TEMP_FT_CUST_CHARGE,TRANS_NUM,NUMBER
DW_RIPSAW,TEMP_FT_CUST_CHARGE,AUTO_MANUAL,TEXT
DW_RIPSAW,TEMP_FT_CUST_CHARGE,CHARGE_CODE,TEXT
DW_RIPSAW,TEMP_FT_CUST_CHARGE,CHARGE_DIV_CODE,TEXT
DW_RIPSAW,TEMP_FT_CUST_CHARGE,CNTY_CHARGE,TEXT
DW_RIPSAW,TEMP_FT_CUST_CHARGE,COUNTRY_FROM,TEXT
DW_RIPSAW,TEMP_FT_CUST_CHARGE,COUNTRY_TO,TEXT
DW_RIPSAW,TEMP_FT_CUST_CHARGE,CUST_CODE,TEXT
DW_RIPSAW,TEMP_FT_CUST_CHARGE,DOC_TYPE,TEXT
DW_RIPSAW,TEMP_FT_CUST_CHARGE,HST_CURRENCY_CODE,TEXT
DW_RIPSAW,TEMP_FT_CUST_CHARGE,STATE_FROM,TEXT
DW_RIPSAW,TEMP_FT_CUST_CHARGE,STATE_TO,TEXT
DW_RIPSAW,TEMP_FT_CUST_CHARGE,STORE_CODE,TEXT
DW_RIPSAW,TEMP_FT_CUST_CHARGE,SUB_OFFICE_CODE,TEXT
DW_RIPSAW,TEMP_FT_CUST_CHARGE,TAX_TYPE,TEXT
DW_RIPSAW,TEMP_FT_PRODUCTION_ORD,PROD_DATE,DATE
DW_RIPSAW,TEMP_FT_PRODUCTION_ORD,PROD_DUE_DATE,DATE
DW_RIPSAW,TEMP_FT_PRODUCTION_ORD,PROD_ENT_DATE,DATE
DW_RIPSAW,TEMP_FT_PRODUCTION_ORD,PROD_ETA_DATE,DATE
DW_RIPSAW,TEMP_FT_PRODUCTION_ORD,PROD_ETD_DATE,DATE
DW_RIPSAW,TEMP_FT_PRODUCTION_ORD,PROD_ORIG_XF_DATE,DATE
DW_RIPSAW,TEMP_FT_PRODUCTION_ORD,PROD_REV_XF_DATE,DATE
DW_RIPSAW,TEMP_FT_PRODUCTION_ORD,PROD_ACTIVE_WIP_QTY,NUMBER
DW_RIPSAW,TEMP_FT_PRODUCTION_ORD,PROD_AIR_QTY,NUMBER
DW_RIPSAW,TEMP_FT_PRODUCTION_ORD,PROD_BPO_QTY,NUMBER
DW_RIPSAW,TEMP_FT_PRODUCTION_ORD,PROD_COMPANY_CODE,NUMBER
DW_RIPSAW,TEMP_FT_PRODUCTION_ORD,PROD_DAY_KEY,NUMBER
DW_RIPSAW,TEMP_FT_PRODUCTION_ORD,PROD_LINE_SEQ,NUMBER
DW_RIPSAW,TEMP_FT_PRODUCTION_ORD,PROD_MIF_QTY,NUMBER
DW_RIPSAW,TEMP_FT_PRODUCTION_ORD,PROD_MIT_QTY,NUMBER
DW_RIPSAW,TEMP_FT_PRODUCTION_ORD,PROD_NUM,NUMBER
DW_RIPSAW,TEMP_FT_PRODUCTION_ORD,PROD_ORDER_NUM,NUMBER
DW_RIPSAW,TEMP_FT_PRODUCTION_ORD,PROD_OTH_QTY,NUMBER
DW_RIPSAW,TEMP_FT_PRODUCTION_ORD,PROD_PREV_SEQ,NUMBER
DW_RIPSAW,TEMP_FT_PRODUCTION_ORD,PROD_RCV_QTY,NUMBER
DW_RIPSAW,TEMP_FT_PRODUCTION_ORD,PROD_REG_NUM,NUMBER
DW_RIPSAW,TEMP_FT_PRODUCTION_ORD,PROD_SIZE_KEY,NUMBER
DW_RIPSAW,TEMP_FT_PRODUCTION_ORD,PROD_STAGE_NUM,NUMBER
DW_RIPSAW,TEMP_FT_PRODUCTION_ORD,PROD_STYLE_DIM_KEY,NUMBER
DW_RIPSAW,TEMP_FT_PRODUCTION_ORD,PROD_SUBP_NUM,NUMBER
DW_RIPSAW,TEMP_FT_PRODUCTION_ORD,PROD_UNIT_COST,NUMBER
DW_RIPSAW,TEMP_FT_PRODUCTION_ORD,PROD_WIP_QTY,NUMBER
DW_RIPSAW,TEMP_FT_PRODUCTION_ORD,PROD_ADDLCOST_IND,TEXT
DW_RIPSAW,TEMP_FT_PRODUCTION_ORD,PROD_APPV_NUM_CODE,TEXT
DW_RIPSAW,TEMP_FT_PRODUCTION_ORD,PROD_CANCEL_RSN,TEXT
DW_RIPSAW,TEMP_FT_PRODUCTION_ORD,PROD_CMPL_CODE,TEXT
DW_RIPSAW,TEMP_FT_PRODUCTION_ORD,PROD_CMPL_OK_IND,TEXT
DW_RIPSAW,TEMP_FT_PRODUCTION_ORD,PROD_COLOR_CODE,TEXT
DW_RIPSAW,TEMP_FT_PRODUCTION_ORD,PROD_COORD_CODE,TEXT
DW_RIPSAW,TEMP_FT_PRODUCTION_ORD,PROD_CUST_CODE,TEXT
DW_RIPSAW,TEMP_FT_PRODUCTION_ORD,PROD_DIV_CODE,TEXT
DW_RIPSAW,TEMP_FT_PRODUCTION_ORD,PROD_ISSUED_IND,TEXT
DW_RIPSAW,TEMP_FT_PRODUCTION_ORD,PROD_LC_YN_IND,TEXT
DW_RIPSAW,TEMP_FT_PRODUCTION_ORD,PROD_LOCATION_CODE,TEXT
DW_RIPSAW,TEMP_FT_PRODUCTION_ORD,PROD_RECEIVED_IND,TEXT
DW_RIPSAW,TEMP_FT_PRODUCTION_ORD,PROD_REF_NUM,TEXT
DW_RIPSAW,TEMP_FT_PRODUCTION_ORD,PROD_R_CODE,TEXT
DW_RIPSAW,TEMP_FT_PRODUCTION_ORD,PROD_SIZE_OK_IND,TEXT
DW_RIPSAW,TEMP_FT_PRODUCTION_ORD,PROD_STAGE,TEXT
DW_RIPSAW,TEMP_FT_PRODUCTION_ORD,PROD_STYLE_CODE,TEXT
DW_RIPSAW,TEMP_FT_PRODUCTION_ORD,PROD_TYPE_CODE,TEXT
DW_RIPSAW,TEMP_FT_PRODUCTION_ORD,PROD_USE_COST_IND,TEXT
DW_RIPSAW,TEMP_FT_PRODUCTION_ORD,PROD_USE_LC_IND,TEXT
DW_RIPSAW,TEMP_FT_PRODUCTION_ORD,PROD_USE_RM_IND,TEXT
DW_RIPSAW,TEMP_FT_PRODUCTION_ORD,PROD_USE_TRACK_IND,TEXT
DW_RIPSAW,TEMP_FT_RECONCILE,RECONCILE_DATE,DATE
DW_RIPSAW,TEMP_FT_RECONCILE,COMPANY_CODE,NUMBER
DW_RIPSAW,TEMP_FT_RECONCILE,SOURCE_AMT,NUMBER
DW_RIPSAW,TEMP_FT_RECONCILE,SOURCE_ORDER_NUM,NUMBER
DW_RIPSAW,TEMP_FT_RECONCILE,SOURCE_QTY,NUMBER
DW_RIPSAW,TEMP_FT_RECONCILE,SOURCE_ROW_COUNT,NUMBER
DW_RIPSAW,TEMP_FT_RECONCILE,SOURCE_AREA,TEXT
DW_RIPSAW,TEMP_FT_RECONCILE,SOURCE_CUSTOMER,TEXT
DW_RIPSAW,TEMP_FT_RECONCILE,SOURCE_DIV,TEXT
DW_RIPSAW,TEMP_FT_RECONCILE,SOURCE_TYPE,TEXT
DW_RIPSAW,TEMP_FT_RECONCILE,ETL_DATE_TIME,TIMESTAMP_NTZ
DW_RIPSAW,TEMP_FT_WRITE_OFF,BATCH_DATE,DATE
DW_RIPSAW,TEMP_FT_WRITE_OFF,CHECK_DATE,DATE
DW_RIPSAW,TEMP_FT_WRITE_OFF,DATE_CHK_REVERSE,DATE
DW_RIPSAW,TEMP_FT_WRITE_OFF,DEPOSIT_DATE,DATE
DW_RIPSAW,TEMP_FT_WRITE_OFF,ENT_DATE,DATE
DW_RIPSAW,TEMP_FT_WRITE_OFF,REG_PRNT_DATE,DATE
DW_RIPSAW,TEMP_FT_WRITE_OFF,TRANS_DATE,DATE
DW_RIPSAW,TEMP_FT_WRITE_OFF,BATCH_NUM,NUMBER
DW_RIPSAW,TEMP_FT_WRITE_OFF,CHECK_AMT,NUMBER
DW_RIPSAW,TEMP_FT_WRITE_OFF,CHECK_NUM,NUMBER
DW_RIPSAW,TEMP_FT_WRITE_OFF,COMPANY_CODE,NUMBER
DW_RIPSAW,TEMP_FT_WRITE_OFF,DOC_NUM,NUMBER
DW_RIPSAW,TEMP_FT_WRITE_OFF,GL_CODE,NUMBER
DW_RIPSAW,TEMP_FT_WRITE_OFF,PRD_MONTH,NUMBER
DW_RIPSAW,TEMP_FT_WRITE_OFF,PRD_YEAR,NUMBER
DW_RIPSAW,TEMP_FT_WRITE_OFF,SEQ_NUM,NUMBER
DW_RIPSAW,TEMP_FT_WRITE_OFF,TRANS_AMT,NUMBER
DW_RIPSAW,TEMP_FT_WRITE_OFF,TRANS_NUM,NUMBER
DW_RIPSAW,TEMP_FT_WRITE_OFF,AR_PERIOD,TEXT
DW_RIPSAW,TEMP_FT_WRITE_OFF,AR_RSN,TEXT
DW_RIPSAW,TEMP_FT_WRITE_OFF,BANK,TEXT
DW_RIPSAW,TEMP_FT_WRITE_OFF,BATCH_USER_NAME,TEXT
DW_RIPSAW,TEMP_FT_WRITE_OFF,COMPANY,TEXT
DW_RIPSAW,TEMP_FT_WRITE_OFF,COUNTRY,TEXT
DW_RIPSAW,TEMP_FT_WRITE_OFF,CUSTOMER,TEXT
DW_RIPSAW,TEMP_FT_WRITE_OFF,CUST_TYPE,TEXT
DW_RIPSAW,TEMP_FT_WRITE_OFF,DIVISION,TEXT
DW_RIPSAW,TEMP_FT_WRITE_OFF,DOC_TYPE,TEXT
DW_RIPSAW,TEMP_FT_WRITE_OFF,MISC,TEXT
DW_RIPSAW,TEMP_FT_WRITE_OFF,PAY_TYPE,TEXT
DW_RIPSAW,TEMP_FT_WRITE_OFF,REF_NUM,TEXT
DW_RIPSAW,TEMP_FT_WRITE_OFF,STORE,TEXT
DW_RIPSAW,TEMP_FT_WRITE_OFF,SUBOFC_CODE,TEXT
DW_RIPSAW,TEMP_FT_WRITE_OFF,TERMS,TEXT
DW_RIPSAW,TEMP_FT_WRITE_OFF,USER_CHK_REVERSE,TEXT
DW_RIPSAW,TEMP_FT_WRITE_OFF,USER_NAME,TEXT
DW_RIPSAW,TEMP_SKXCUSTA,CUST_COMPANY_CODE,NUMBER
DW_RIPSAW,TEMP_SKXCUSTA,ACTIVE_OK,TEXT
DW_RIPSAW,TEMP_SKXCUSTA,CREATE_USER,TEXT
DW_RIPSAW,TEMP_SKXCUSTA,CUST_CODE,TEXT
DW_RIPSAW,TEMP_SKXCUSTA,EMAIL_ID,TEXT
DW_RIPSAW,TEMP_SKXCUSTA,UPDATE_USER,TEXT
DW_RIPSAW,TEMP_SKXCUSTA,CREATE_DATETIME,TIMESTAMP_NTZ
DW_RIPSAW,TEMP_SKXCUSTA,UPDATE_DATETIME,TIMESTAMP_NTZ
DW_RIPSAW,TEMP_SKXFEATR,COMPANY_CODE,NUMBER
DW_RIPSAW,TEMP_SKXFEATR,BOLD_FLAG,TEXT
DW_RIPSAW,TEMP_SKXFEATR,CREATE_USER,TEXT
DW_RIPSAW,TEMP_SKXFEATR,FEATURE_DESC,TEXT
DW_RIPSAW,TEMP_SKXFEATR,PRINT_JUSTIFY,TEXT
DW_RIPSAW,TEMP_SKXFEATR,UPDATE_USER,TEXT
DW_RIPSAW,TEMP_SKXFEATR,CREATE_DATETIME,TIMESTAMP_NTZ
DW_RIPSAW,TEMP_SKXFEATR,UPDATE_DATETIME,TIMESTAMP_NTZ
DW_RIPSAW,TEMP_SKXWIMGR,COMPANY_CODE,NUMBER
DW_RIPSAW,TEMP_SKXWIMGR,ACTIVE_OK,TEXT
DW_RIPSAW,TEMP_SKXWIMGR,COLOR_CODE,TEXT
DW_RIPSAW,TEMP_SKXWIMGR,CREATE_USER,TEXT
DW_RIPSAW,TEMP_SKXWIMGR,IMG_TYPE,TEXT
DW_RIPSAW,TEMP_SKXWIMGR,JPG_DATE_C,TEXT
DW_RIPSAW,TEMP_SKXWIMGR,JPG_FOLDER,TEXT
DW_RIPSAW,TEMP_SKXWIMGR,STYLE,TEXT
DW_RIPSAW,TEMP_SKXWIMGR,UPDATE_USER,TEXT
DW_RIPSAW,TEMP_SKXWIMGR,CREATE_DATETIME,TIMESTAMP_NTZ
DW_RIPSAW,TEMP_SKXWIMGR,JPG_DATE,TIMESTAMP_NTZ
DW_RIPSAW,TEMP_SKXWIMGR,UPDATE_DATETIME,TIMESTAMP_NTZ
DW_RIPSAW,TEMP_ZZNCRDTH,ENT_DATE,DATE
DW_RIPSAW,TEMP_ZZNCRDTH,RET_DATE,DATE
DW_RIPSAW,TEMP_ZZNCRDTH,COMPANY_CODE,NUMBER
DW_RIPSAW,TEMP_ZZNCRDTH,DISC_AMT,NUMBER
DW_RIPSAW,TEMP_ZZNCRDTH,FRT_AMT,NUMBER
DW_RIPSAW,TEMP_ZZNCRDTH,INSUR_AMT,NUMBER
DW_RIPSAW,TEMP_ZZNCRDTH,INV_NUM,NUMBER
DW_RIPSAW,TEMP_ZZNCRDTH,LAST_SEQ,NUMBER
DW_RIPSAW,TEMP_ZZNCRDTH,MISC_AMT,NUMBER
DW_RIPSAW,TEMP_ZZNCRDTH,RET_NUM,NUMBER
DW_RIPSAW,TEMP_ZZNCRDTH,COMM1,TEXT
DW_RIPSAW,TEMP_ZZNCRDTH,COMM2,TEXT
DW_RIPSAW,TEMP_ZZNCRDTH,CUSTOMER,TEXT
DW_RIPSAW,TEMP_ZZNCRDTH,DEPARTMENT,TEXT
DW_RIPSAW,TEMP_ZZNCRDTH,DIVISION,TEXT
DW_RIPSAW,TEMP_ZZNCRDTH,ENT_USER,TEXT
DW_RIPSAW,TEMP_ZZNCRDTH,FACTOR_OK,TEXT
DW_RIPSAW,TEMP_ZZNCRDTH,PO_NUM,TEXT
DW_RIPSAW,TEMP_ZZNCRDTH,PRICE_CODE,TEXT
DW_RIPSAW,TEMP_ZZNCRDTH,RETURN_IRREG,TEXT
DW_RIPSAW,TEMP_ZZNCRDTH,RETURN_LOCA,TEXT
DW_RIPSAW,TEMP_ZZNCRDTH,RETURN_STOCK,TEXT
DW_RIPSAW,TEMP_ZZNCRDTH,RET_REASON,TEXT
DW_RIPSAW,TEMP_ZZNCRDTH,RET_TYPE,TEXT
DW_RIPSAW,TEMP_ZZNCRDTH,SEASON,TEXT
DW_RIPSAW,TEMP_ZZNCRDTH,SLSPERSON1,TEXT
DW_RIPSAW,TEMP_ZZNCRDTH,SLSPERSON2,TEXT
DW_RIPSAW,TEMP_ZZNCRDTH,STORE,TEXT
DW_RIPSAW,TEMP_ZZNCRDTH,TERMS,TEXT
DW_RIPSAW,TEMP_ZZRBATCH,BATCH_DATE,DATE
DW_RIPSAW,TEMP_ZZRBATCH,CHECK_DATE,DATE
DW_RIPSAW,TEMP_ZZRBATCH,DATE_CHK_REVERSE,DATE
DW_RIPSAW,TEMP_ZZRBATCH,DEPOSIT_DATE,DATE
DW_RIPSAW,TEMP_ZZRBATCH,BATCH,NUMBER
DW_RIPSAW,TEMP_ZZRBATCH,CHECK_AMT,NUMBER
DW_RIPSAW,TEMP_ZZRBATCH,CHECK_NUM,NUMBER
DW_RIPSAW,TEMP_ZZRBATCH,COMPANY_CODE,NUMBER
DW_RIPSAW,TEMP_ZZRBATCH,PRD_MONTH,NUMBER
DW_RIPSAW,TEMP_ZZRBATCH,PRD_YEAR,NUMBER
DW_RIPSAW,TEMP_ZZRBATCH,SEQ_NUM,NUMBER
DW_RIPSAW,TEMP_ZZRBATCH,AR_PERIOD,TEXT
DW_RIPSAW,TEMP_ZZRBATCH,BANK,TEXT
DW_RIPSAW,TEMP_ZZRBATCH,COMPANY,TEXT
DW_RIPSAW,TEMP_ZZRBATCH,CUSTOMER,TEXT
DW_RIPSAW,TEMP_ZZRBATCH,PAY_TYPE,TEXT
DW_RIPSAW,TEMP_ZZRBATCH,USER_CHK_REVERSE,TEXT
DW_RIPSAW,TEMP_ZZRBATCH,USER_NAME,TEXT
DW_RIPSAW,TEMP_ZZRWOFFD,CHECK_DATE,DATE
DW_RIPSAW,TEMP_ZZRWOFFD,ENT_DATE,DATE
DW_RIPSAW,TEMP_ZZRWOFFD,REG_PRNT_DATE,DATE
DW_RIPSAW,TEMP_ZZRWOFFD,TRANS_DATE,DATE
DW_RIPSAW,TEMP_ZZRWOFFD,BATCH_NUM,NUMBER
DW_RIPSAW,TEMP_ZZRWOFFD,CHECK_NUM,NUMBER
DW_RIPSAW,TEMP_ZZRWOFFD,COMPANY_CODE,NUMBER
DW_RIPSAW,TEMP_ZZRWOFFD,DOC_NUM,NUMBER
DW_RIPSAW,TEMP_ZZRWOFFD,PRD_MONTH,NUMBER
DW_RIPSAW,TEMP_ZZRWOFFD,PRD_YEAR,NUMBER
DW_RIPSAW,TEMP_ZZRWOFFD,SEQ_NUM,NUMBER
DW_RIPSAW,TEMP_ZZRWOFFD,TRANS_AMT,NUMBER
DW_RIPSAW,TEMP_ZZRWOFFD,TRANS_NUM,NUMBER
DW_RIPSAW,TEMP_ZZRWOFFD,AR_PERIOD,TEXT
DW_RIPSAW,TEMP_ZZRWOFFD,AR_RSN,TEXT
DW_RIPSAW,TEMP_ZZRWOFFD,BANK,TEXT
DW_RIPSAW,TEMP_ZZRWOFFD,COMPANY,TEXT
DW_RIPSAW,TEMP_ZZRWOFFD,CUSTOMER,TEXT
DW_RIPSAW,TEMP_ZZRWOFFD,DIVISION,TEXT
DW_RIPSAW,TEMP_ZZRWOFFD,DOC_TYPE,TEXT
DW_RIPSAW,TEMP_ZZRWOFFD,MISC,TEXT
DW_RIPSAW,TEMP_ZZRWOFFD,REF_NUM,TEXT
DW_RIPSAW,TEMP_ZZRWOFFD,STORE,TEXT
DW_RIPSAW,TEMP_ZZRWOFFD,TERMS,TEXT
DW_RIPSAW,TEMP_ZZRWOFFD,USER_NAME,TEXT
DW_RIPSAW,TEMP_ZZXLINEH,COMPANY_CODE,NUMBER
DW_RIPSAW,TEMP_ZZXLINEH,SER_NO,NUMBER
DW_RIPSAW,TEMP_ZZXLINEH,STYLE_AS_INTEGER,NUMBER
DW_RIPSAW,TEMP_ZZXLINEH,BOUGHT_FLAG,TEXT
DW_RIPSAW,TEMP_ZZXLINEH,BOX_CATEGORY,TEXT
DW_RIPSAW,TEMP_ZZXLINEH,CREATE_USER,TEXT
DW_RIPSAW,TEMP_ZZXLINEH,DESCRIPTION,TEXT
DW_RIPSAW,TEMP_ZZXLINEH,DEVELOPER,TEXT
DW_RIPSAW,TEMP_ZZXLINEH,DIVISION,TEXT
DW_RIPSAW,TEMP_ZZXLINEH,GENDER_CODE,TEXT
DW_RIPSAW,TEMP_ZZXLINEH,GROUP_CODE,TEXT
DW_RIPSAW,TEMP_ZZXLINEH,MATERIAL,TEXT
DW_RIPSAW,TEMP_ZZXLINEH,ORIGIN,TEXT
DW_RIPSAW,TEMP_ZZXLINEH,OUTSOLE,TEXT
DW_RIPSAW,TEMP_ZZXLINEH,PREFERRED_COLOR,TEXT
DW_RIPSAW,TEMP_ZZXLINEH,PREFERRED_DRAW,TEXT
DW_RIPSAW,TEMP_ZZXLINEH,PREFIX,TEXT
DW_RIPSAW,TEMP_ZZXLINEH,REFERENCE_NUMBER,TEXT
DW_RIPSAW,TEMP_ZZXLINEH,REQUESTER,TEXT
DW_RIPSAW,TEMP_ZZXLINEH,SIZES,TEXT
DW_RIPSAW,TEMP_ZZXLINEH,SIZE_CODE,TEXT
DW_RIPSAW,TEMP_ZZXLINEH,SIZE_RUN,TEXT
DW_RIPSAW,TEMP_ZZXLINEH,SMU,TEXT
DW_RIPSAW,TEMP_ZZXLINEH,SORT_NUM,TEXT
DW_RIPSAW,TEMP_ZZXLINEH,STYLE,TEXT
DW_RIPSAW,TEMP_ZZXLINEH,STYLE_GROUP_B,TEXT
DW_RIPSAW,TEMP_ZZXLINEH,UPDATE_USER,TEXT
DW_RIPSAW,TEMP_ZZXLINEH,UPPER_STYLE,TEXT
DW_RIPSAW,TEMP_ZZXLINEH,CREATE_DATETIME,TIMESTAMP_NTZ
DW_RIPSAW,TEMP_ZZXLINEH,UPDATE_DATETIME,TIMESTAMP_NTZ
DW_RIPSAW,UNI_NON_SHIP_RSN_CODE,COMPANY_CODE_TDM,NUMBER
DW_RIPSAW,UNI_NON_SHIP_RSN_CODE,NON_SHIP_REASON_CODE,TEXT
DW_RIPSAW,UNI_NON_SHIP_RSN_CODE,NON_SHIP_RSN_CODE_DESC,TEXT
